date,home_team,away_team,stadium,city,country,kickoff_time_local,timezone,group,is_placeholder_match,match_stage_status,home_win_odds,draw_odds,away_win_odds,home_implied_prob,draw_implied_prob,away_implied_prob,market_home_prob_norm,market_draw_prob_norm,market_away_prob_norm,market_home_edge_vs_away,home_xg_for_rolling,home_xg_against_rolling,away_xg_for_rolling,away_xg_against_rolling,xg_attack_diff,xg_defense_diff,xg_balance_diff,home_total_unavailable,home_missing_player_value,away_total_unavailable,away_missing_player_value,unavailable_diff,missing_player_value_diff,home_overall_rating,home_attack_rating,home_defense_rating,away_overall_rating,away_attack_rating,away_defense_rating,strength_rating_diff,attack_rating_diff,defense_rating_diff,has_market_odds,odds_prob_diff,market_favorite,market_favorite_prob,market_draw_prob,has_injury_data,h2h_matches_played,h2h_wins_diff,h2h_draws,h2h_goals_diff,h2h_avg_goals_diff,home_win_streak,home_unbeaten_streak,away_win_streak,away_unbeaten_streak,win_streak_diff,unbeaten_streak_diff,fifa_rank_diff,fifa_points_zscore_diff,form_score_5_diff,form_score_10_diff,form_trend_diff,is_home_confed,is_away_confed,missing_fifa_rank,missing_fifa_points_zscore,neutral,is_home_country,elo_diff,attack_diff,defense_diff,rest_days_diff
2026-06-11,Mexico,South Africa,Estadio Azteca,Mexico City,Mexico,13:00,UTC-6,J,False,Predictable,1.28,7.1,7.86,0.78125,0.1408450704225352,0.1272264631043257,0.7445287026314525,0.1342248928687689,0.1212464044997785,0.623282298131674,1.45,0.78,1.45,0.82,0.0,0.0399999999999999,0.0399999999999999,0.0,0.0,0.0,0.0,0.0,0.0,1978.75,1.76,1.05,1663.11,1.35,0.95,315.6400000000001,0.4099999999999999,-0.1,1,0.6540235368956743,1,0.7445287026314525,0.1342248928687689,1,4,1,1,5.0,1.25,3,8,1,2,2,6,-42.0,0.8240595676489763,0.39999999999999997,0.133,0.2669999999999998,1,0,0,0,0,1,315.6400000000001,0.4099999999999999,-0.1,0.0
2026-06-11,South Korea,Czech Republic,Estadio Akron,Zapopan,Mexico,16:00,UTC-6,J,False,Predictable,2.04,3.97,3.24,0.4901960784313725,0.2518891687657431,0.3086419753086419,0.4665302924791086,0.2397284122562674,0.2937412952646239,0.1727889972144847,1.72,1.0,1.95,1.18,-0.2299999999999999,0.1799999999999999,-0.05,0.0,0.0,1.0,9.1,-1.0,-9.1,1879.95,1.78,0.91,1799.54,1.79,1.02,80.41000000000008,-0.01,0.1099999999999999,1,0.1815541031227305,1,0.4665302924791086,0.2397284122562674,1,3,0,1,-4.0,-1.3333333333333333,2,2,2,6,0,-4,-23.0,0.3714039721458864,-0.133,0.09999999999999998,-0.2329999999999999,0,0,0,0,1,0,80.41000000000008,-0.01,0.1099999999999999,0.0
2026-06-12,Canada,Bosnia and Herzegovina,BMO Field,Toronto,Canada,19:00,UTC-4,D,False,Predictable,1.42,5.6,5.94,0.7042253521126761,0.1785714285714285,0.1683501683501683,0.6699589936113819,0.1698824590943146,0.1601585472943033,0.5098004463170785,1.54,0.64,1.45,1.5,0.09,0.86,0.95,0.0,0.0,0.0,0.0,0.0,0.0,1897.68,1.3,1.3,1649.23,1.37,1.37,248.45000000000005,-0.07,0.07,1,0.5358751837625078,1,0.6699589936113819,0.1698824590943146,1,0,0,0,0.0,0.0,0,7,0,8,0,-1,-37.0,0.6347713030278517,0.13299999999999995,0.09999999999999992,0.033,1,0,0,0,0,1,248.45000000000005,-0.07,0.07,0.0
2026-06-12,United States,Paraguay,SoFi Stadium,Inglewood,United States,21:00,UTC-7,B,False,Predictable,3.36,4.01,1.99,0.2976190476190476,0.2493765586034912,0.5025125628140703,0.2835795436373263,0.2376127846936201,0.4788076716690535,-0.1952281280317271,1.63,1.59,1.27,0.96,0.3599999999999999,-0.6300000000000001,-0.2700000000000002,1.0,8.2,0.0,0.0,1.0,8.2,1825.56,1.52,1.33,1916.79,1.28,1.42,-91.23000000000002,0.24,0.0899999999999998,1,-0.2048935151950227,2,0.4788076716690535,0.2376127846936201,1,9,3,2,5.0,0.5555555555555556,0,0,1,1,-1,-1,-39.0,0.7778115172047387,0.19999999999999996,0.066,0.1339999999999999,1,0,0,0,0,1,-91.23000000000002,0.24,0.0899999999999998,0.0
2026-06-13,Qatar,Switzerland,Levi's Stadium,Santa Clara,United States,13:00,UTC-7,D,False,Predictable,10.92,9.78,1.17,0.0915750915750915,0.1022494887525562,0.8547008547008548,0.0873370244686551,0.0975174138238971,0.8151455617074477,-0.7278085372387926,1.14,1.72,1.95,1.32,-0.81,-0.3999999999999999,-1.21,0.0,0.0,1.0,8.4,-1.0,-8.4,1565.25,1.41,1.21,1953.55,1.49,1.63,-388.3,-0.08,0.4199999999999999,1,-0.7631257631257633,2,0.8151455617074477,0.0975174138238971,1,1,1,0,1.0,1.0,0,1,0,3,0,-2,29.0,-0.5951354536568216,-0.466,-0.46699999999999997,0.0009999999999998899,0,0,0,0,1,0,-388.3,-0.08,0.4199999999999999,0.0
2026-06-13,Brazil,Morocco,MetLife Stadium,East Rutherford,United States,16:00,UTC-4,E,False,Predictable,2.03,3.98,3.27,0.4926108374384237,0.2512562814070351,0.3058103975535168,0.4692973125006762,0.2393652121548674,0.2913374753444564,0.1779598371562197,1.86,1.05,2.0,0.46,-0.1399999999999999,-0.5900000000000001,-0.73,1.0,9.5,0.0,0.0,1.0,9.5,2067.07,2.18,0.9,1984.21,1.48,0.8,82.86000000000013,0.7000000000000002,-0.0999999999999999,1,0.1868004398849069,1,0.4692973125006762,0.2393652121548674,1,3,1,0,4.0,1.3333333333333333,3,3,0,38,3,-35,-9.0,0.358179569999473,-0.19999999999999996,-0.16700000000000004,-0.032999999999999904,0,0,0,0,1,0,82.86000000000013,0.7000000000000002,-0.0999999999999999,0.0
2026-06-13,Haiti,Scotland,Gillette Stadium,Foxborough,United States,19:00,UTC-4,E,False,Predictable,3.89,4.27,1.79,0.2570694087403599,0.234192037470726,0.5586592178770949,0.244846508439393,0.2230568894213674,0.5320966021392396,-0.2872500936998465,2.17,1.18,1.68,1.23,0.49,0.05,0.54,0.0,0.0,0.0,0.0,0.0,0.0,1706.83,1.64,1.35,1841.92,1.71,1.23,-135.09000000000017,-0.07,-0.1200000000000001,1,-0.301589809136735,2,0.5320966021392396,0.2230568894213674,1,0,0,0,0.0,0.0,0,0,2,2,-2,-2,34.0,-0.6843441325427986,0.267,-0.133,0.3999999999999999,1,0,0,0,1,0,-135.09000000000017,-0.07,-0.1200000000000001,0.0
2026-06-13,Australia,Turkey,BC Place,Vancouver,Canada,21:00,UTC-7,B,False,Predictable,3.11,3.92,2.11,0.3215434083601286,0.2551020408163265,0.4739336492890995,0.3060630168920794,0.2428204037077466,0.4511165794001739,-0.1450535625080945,1.45,0.92,2.04,1.14,-0.5900000000000001,0.2199999999999998,-0.3700000000000002,0.0,0.0,0.0,0.0,0.0,0.0,1900.1,2.01,1.07,1966.93,1.4,1.41,-66.83000000000015,0.6099999999999999,0.3399999999999998,1,-0.1523902409289708,2,0.4511165794001739,0.2428204037077466,1,2,-2,0,-3.0,-1.5,0,1,4,8,-4,-7,-1.0,0.021592385425500016,-0.46699999999999997,-0.133,-0.3339999999999999,0,0,0,0,1,0,-66.83000000000015,0.6099999999999999,0.3399999999999998,0.0
2026-06-14,Germany,Curaçao,NRG Stadium,Houston,United States,13:00,UTC-5,I,False,Predictable,1.16,10.14,11.31,0.8620689655172414,0.0986193293885601,0.0884173297966401,0.8217179902755267,0.0940032414910858,0.0842787682333873,0.7374392220421394,2.49,1.05,1.95,1.1,0.5400000000000003,0.05,0.5900000000000003,1.0,8.2,0.0,0.0,1.0,8.2,2001.8,2.25,1.16,1606.04,1.65,1.58,395.76,0.6000000000000001,0.4200000000000001,1,0.7736516357206014,1,0.8217179902755267,0.0940032414910858,1,0,0,0,0.0,0.0,9,9,1,1,8,8,-75.0,1.6093798555639658,0.733,0.4,0.3329999999999999,0,1,0,0,1,0,395.76,0.6000000000000001,0.4200000000000001,0.0
2026-06-14,Ivory Coast,Ecuador,Lincoln Financial Field,Philadelphia,United States,16:00,UTC-4,I,False,Predictable,5.14,5.04,1.52,0.1945525291828793,0.1984126984126984,0.6578947368421053,0.1851364936973165,0.1888098368262315,0.626053669476452,-0.4409171757791355,1.77,0.6,1.05,0.46,0.72,-0.1399999999999999,0.5800000000000001,0.0,0.0,0.0,0.0,0.0,0.0,1814.62,1.64,1.0,2026.06,1.21,1.53,-211.44000000000003,0.4299999999999999,0.53,1,-0.463342207659226,2,0.626053669476452,0.1888098368262315,1,0,0,0,0.0,0.0,3,3,2,19,1,-16,6.0,-0.09828644646105755,0.20000000000000007,0.19999999999999996,9.71445146547012e-17,0,0,0,0,1,0,-211.44000000000003,0.4299999999999999,0.53,0.0
2026-06-14,Netherlands,Japan,AT&T Stadium,Arlington,United States,19:00,UTC-5,L,False,Predictable,2.43,3.82,2.66,0.4115226337448559,0.2617801047120419,0.3759398496240601,0.3922092358998904,0.2494943568682548,0.3582964072318547,0.0339128286680356,2.4,1.05,2.31,0.56,0.0899999999999998,-0.49,-0.4000000000000001,2.0,17.7,0.0,0.0,2.0,17.7,2008.12,2.09,1.22,1992.16,1.83,1.15,15.959999999999807,0.2599999999999998,-0.07,1,0.0355827841207958,1,0.3922092358998904,0.2494943568682548,1,3,2,1,4.0,1.3333333333333333,1,1,6,7,-5,-6,-9.0,0.44959231590985227,-0.46699999999999997,0.03299999999999992,-0.4999999999999998,0,0,0,0,1,0,15.959999999999807,0.2599999999999998,-0.07,0.0
2026-06-14,Sweden,Tunisia,Estadio BBVA,Guadalupe,Mexico,21:00,UTC-6,L,False,Predictable,2.33,3.83,2.78,0.4291845493562232,0.2610966057441253,0.3597122302158274,0.4087497648635056,0.2486650005566496,0.3425852345798447,0.0661645302836609,2.08,1.45,1.63,1.1,0.4500000000000002,-0.3499999999999998,0.1000000000000003,0.0,0.0,0.0,0.0,0.0,0.0,1768.22,1.97,1.29,1737.82,1.44,1.02,30.40000000000009,0.53,-0.27,1,0.0694723191403958,1,0.4087497648635056,0.2486650005566496,1,4,1,1,1.0,0.25,0,1,0,0,0,1,-8.0,0.08711668306620535,0.067,-0.066,0.1329999999999999,0,0,0,0,1,0,30.40000000000009,0.53,-0.27,0.0
2026-06-15,Belgium,Egypt,Lumen Field,Seattle,United States,13:00,UTC-7,C,False,Predictable,1.75,4.34,4.02,0.5714285714285714,0.2304147465437788,0.2487562189054726,0.5439071229050279,0.2193173882681564,0.2367754888268156,0.3071316340782122,2.49,1.14,1.23,0.82,1.2600000000000002,-0.3199999999999999,0.9400000000000004,0.0,0.0,0.0,0.0,0.0,0.0,1954.39,1.82,1.51,1810.1,1.62,1.01,144.2900000000002,0.1999999999999999,-0.5,1,0.3226723525230988,1,0.5439071229050279,0.2193173882681564,1,4,-2,0,-3.0,-0.75,2,13,0,0,2,13,-25.0,0.943265972307749,0.19999999999999996,0.10000000000000009,0.0999999999999999,0,0,0,0,1,0,144.2900000000002,0.1999999999999999,-0.5,0.0
2026-06-15,Iran,New Zealand,SoFi Stadium,Inglewood,United States,16:00,UTC-7,C,False,Predictable,1.64,4.6,4.47,0.6097560975609756,0.2173913043478261,0.2237136465324385,0.5802442658479321,0.2068696947805671,0.2128860393715008,0.3673582264764312,1.82,0.82,2.08,1.27,-0.26,0.45,0.19,0.0,0.0,0.0,0.0,0.0,0.0,1895.96,1.89,0.79,1722.05,1.75,1.5,173.91000000000008,0.1399999999999999,0.71,1,0.386042451028537,1,0.5802442658479321,0.2068696947805671,1,2,1,1,3.0,1.5,3,3,0,0,3,3,-76.0,1.4040280516124537,0.333,0.367,-0.034,0,0,0,0,1,0,173.91000000000008,0.1399999999999999,0.71,0.0
2026-06-15,Spain,Cape Verde,Mercedes-Benz Stadium,Atlanta,United States,19:00,UTC-4,F,False,Predictable,1.02,27.61,26.24,0.9803921568627452,0.0362187613183629,0.0381097560975609,0.9295277705002248,0.0343396713477084,0.0361325581520666,0.8933952123481582,2.53,1.0,1.36,1.0,1.1699999999999997,0.0,1.1699999999999997,1.0,9.0,0.0,0.0,1.0,9.0,2216.28,2.05,0.9,1653.28,1.1,1.13,563.0000000000002,0.9499999999999996,0.2299999999999998,1,0.9422824007651842,1,0.9295277705002248,0.0343396713477084,1,0,0,0,0.0,0.0,1,30,0,0,1,30,-62.0,1.7081519439117554,0.19999999999999996,0.16600000000000004,0.03399999999999989,0,0,0,0,1,0,563.0000000000002,0.9499999999999996,0.2299999999999998,0.0
2026-06-15,Saudi Arabia,Uruguay,Hard Rock Stadium,Miami Gardens,United States,21:00,UTC-4,F,False,Predictable,6.8,6.25,1.35,0.1470588235294117,0.16,0.7407407407407407,0.1403501476275627,0.1527009606187882,0.7069488917536491,-0.5665987441260864,1.1,1.18,0.92,0.92,0.18,-0.2599999999999999,-0.0799999999999998,0.0,0.0,1.0,9.3,-1.0,-9.3,1692.26,1.54,1.05,1973.7,1.58,1.21,-281.44000000000005,-0.04,0.1599999999999999,1,-0.593681917211329,2,0.7069488917536491,0.1527009606187882,1,3,0,1,0.0,0.0,0,2,0,2,0,0,45.0,-1.0018418552613544,-0.333,-0.133,-0.2,0,0,0,0,1,0,-281.44000000000005,-0.04,0.1599999999999999,0.0
2026-06-16,France,Senegal,MetLife Stadium,East Rutherford,United States,13:00,UTC-4,K,False,Predictable,1.53,5.01,5.1,0.6535947712418301,0.1996007984031936,0.196078431372549,0.6229019022752704,0.1902275270421484,0.1868705706825811,0.4360313315926892,2.17,1.14,2.26,0.82,-0.0899999999999998,-0.3199999999999999,-0.4099999999999998,2.0,17.3,0.0,0.0,2.0,17.3,2122.31,1.83,1.29,1913.14,1.38,0.94,209.16999999999985,0.4500000000000002,-0.3500000000000001,1,0.4575163398692811,1,0.6229019022752704,0.1902275270421484,1,2,-2,0,-3.0,-1.5,1,1,0,1,1,0,-19.0,0.8631350609968538,0.20000000000000007,0.09999999999999998,0.10000000000000012,0,0,0,0,1,0,209.16999999999985,0.4500000000000002,-0.3500000000000001,0.0
2026-06-16,Iraq,Norway,Gillette Stadium,Foxborough,United States,16:00,UTC-4,K,False,Predictable,5.56,5.33,1.46,0.1798561151079137,0.1876172607879924,0.684931506849315,0.1709001146391064,0.1782747912558033,0.6508250941050902,-0.4799249794659836,1.05,1.14,2.8,0.92,-1.7499999999999998,-0.2199999999999998,-1.97,0.0,0.0,0.0,0.0,0.0,0.0,1737.26,1.53,0.93,1969.03,1.55,1.62,-231.77,-0.02,0.6900000000000001,1,-0.5050753917414014,2,0.6508250941050902,0.1782747912558033,1,0,0,0,0.0,0.0,0,0,0,3,0,-3,8.0,-0.1354567293302137,-0.2,-0.16700000000000004,-0.033,0,0,0,0,1,0,-231.77,-0.02,0.6900000000000001,0.0
2026-06-16,Argentina,Algeria,GEHA Field at Arrowhead Stadium,Kansas City,United States,19:00,UTC-5,A,False,Predictable,1.3,6.78,7.48,0.7692307692307692,0.1474926253687315,0.1336898395721925,0.7323125263528774,0.1404139062328526,0.1272735674142701,0.6050389589386073,2.17,0.56,2.13,0.69,0.04,0.1299999999999999,0.1699999999999999,0.0,0.0,0.0,0.0,0.0,0.0,2188.03,1.9,1.01,1884.2,1.54,0.99,303.8300000000001,0.3599999999999999,-0.02,1,0.6355409296585767,1,0.7323125263528774,0.1404139062328526,1,1,1,0,1.0,1.0,7,7,2,4,5,3,-40.0,1.5054524918031675,0.33299999999999996,0.06599999999999995,0.2669999999999999,0,0,0,0,1,0,303.8300000000001,0.3599999999999999,-0.02,0.0
2026-06-16,Austria,Jordan,Levi's Stadium,Santa Clara,United States,21:00,UTC-7,A,False,Predictable,1.88,4.13,3.61,0.5319148936170213,0.2421307506053268,0.2770083102493075,0.506077629368137,0.2303694777753263,0.2635528928565367,0.2425247365116002,2.17,0.82,1.5,1.5,0.6699999999999999,0.68,1.35,2.0,17.8,0.0,0.0,2.0,17.8,1887.6,1.79,1.53,1774.58,1.28,1.12,113.01999999999998,0.51,-0.4099999999999999,1,0.2549065833677137,1,0.506077629368137,0.2303694777753263,1,0,0,0,0.0,0.0,3,5,0,0,3,5,-46.0,0.7577881286440665,0.334,0.266,0.068,0,0,0,0,1,0,113.01999999999998,0.51,-0.4099999999999999,0.0
2026-06-17,Portugal,DR Congo,NRG Stadium,Houston,United States,13:00,UTC-5,G,False,Predictable,1.35,6.22,6.77,0.7407407407407407,0.1607717041800643,0.1477104874446085,0.7059898500986656,0.1532293083011573,0.140780841600177,0.5652090084984885,2.31,1.05,1.36,0.74,0.95,-0.31,0.6399999999999999,0.0,0.0,0.0,0.0,0.0,0.0,2043.59,1.77,1.12,1763.27,1.49,1.2,280.31999999999994,0.28,0.0799999999999998,1,0.5930302532961322,1,0.7059898500986656,0.1532293083011573,1,0,0,0,0.0,0.0,3,5,0,0,3,5,-50.0,1.252320997610799,0.0,0.0,0.0,0,0,0,0,1,0,280.31999999999994,0.28,0.0799999999999998,0.0
2026-06-17,Uzbekistan,Colombia,Estadio Azteca,Mexico City,Mexico,16:00,UTC-6,G,False,Predictable,5.8,5.5,1.44,0.1724137931034483,0.1818181818181818,0.6944444444444444,0.164410861081126,0.1733787262310056,0.6622104126878685,-0.4977995516067425,1.27,0.87,1.86,1.14,-0.5900000000000001,0.2699999999999999,-0.3200000000000002,0.0,0.0,0.0,0.0,0.0,0.0,1819.55,1.73,1.11,2062.07,1.29,1.15,-242.5200000000002,0.4399999999999999,0.0399999999999998,1,-0.5220306513409961,2,0.6622104126878685,0.1733787262310056,1,0,0,0,0.0,0.0,0,0,2,2,-2,-2,51.0,-1.2165702833336303,-0.19999999999999996,-0.134,-0.066,0,0,0,0,1,0,-242.5200000000002,0.4399999999999999,0.0399999999999998,0.0
2026-06-17,England,Croatia,AT&T Stadium,Arlington,United States,19:00,UTC-5,H,False,Predictable,1.85,4.18,3.71,0.5405405405405405,0.2392344497607655,0.2695417789757412,0.5151357115096514,0.2279906857159941,0.2568736027743545,0.2582621087352969,2.26,0.51,2.0,1.1,0.2599999999999998,0.5900000000000001,0.8499999999999999,2.0,15.8,0.0,0.0,2.0,15.8,2088.22,2.18,0.96,1966.92,1.74,1.01,121.29999999999971,0.4400000000000001,0.05,1,0.2709987615647992,1,0.5151357115096514,0.2279906857159941,1,11,3,2,9.0,0.8181818181818182,2,2,1,1,1,1,-8.0,0.4396179786977268,0.06700000000000006,0.0,0.0670000000000001,0,0,0,0,1,0,121.29999999999971,0.4400000000000001,0.05,0.0
2026-06-17,Ghana,Panama,BMO Field,Toronto,Canada,21:00,UTC-4,H,False,Predictable,5.49,5.28,1.47,0.1821493624772313,0.1893939393939394,0.6802721088435374,0.1731761681961485,0.1800638567039499,0.6467599750999017,-0.4735838069037531,1.36,1.18,1.82,1.18,-0.4599999999999999,0.0,-0.4599999999999999,0.0,0.0,0.0,0.0,0.0,0.0,1625.02,1.57,1.04,1853.61,1.26,1.53,-228.58999999999992,0.31,0.49,1,-0.4981227463663061,2,0.6467599750999017,0.1800638567039499,1,0,0,0,0.0,0.0,0,1,0,2,0,-1,33.0,-0.5309186534034741,-0.467,-0.16699999999999998,-0.3000000000000001,0,1,0,0,1,0,-228.58999999999992,0.31,0.49,0.0
2026-06-18,Czech Republic,South Africa,Mercedes-Benz Stadium,Atlanta,United States,13:00,UTC-4,J,False,Predictable,1.78,4.28,3.91,0.5617977528089888,0.2336448598130841,0.2557544757033248,0.5344361766678376,0.2222655127263436,0.2432983106058186,0.2911378660620189,1.95,1.18,1.45,0.82,0.5,-0.36,0.14,1.0,9.1,0.0,0.0,1.0,9.1,1799.54,1.79,1.02,1663.11,1.35,0.95,136.43000000000006,0.4399999999999999,-0.07,1,0.306043277105664,1,0.5344361766678376,0.2222655127263436,1,1,0,1,0.0,0.0,2,6,1,2,1,4,-13.0,0.21711928043772855,0.39999999999999997,0.03300000000000003,0.36699999999999977,0,0,0,0,1,0,136.43000000000006,0.4399999999999999,-0.07,0.0
2026-06-18,Mexico,South Korea,Estadio Akron,Zapopan,Mexico,16:00,UTC-6,J,False,Predictable,1.95,4.05,3.44,0.5128205128205129,0.2469135802469136,0.2906976744186046,0.4881997371879107,0.2350591327201051,0.2767411300919842,0.2114586070959264,1.45,0.78,1.72,1.0,-0.27,0.2199999999999999,-0.05,0.0,0.0,0.0,0.0,0.0,0.0,1978.75,1.76,1.05,1879.95,1.78,0.91,98.79999999999995,-0.02,-0.14,1,0.2221228384019082,1,0.4881997371879107,0.2350591327201051,1,14,5,3,13.0,0.9285714285714286,3,8,2,2,1,6,-6.0,0.23553631506536132,0.133,0.0,0.1329999999999999,1,0,0,0,0,1,98.79999999999995,-0.02,-0.14,0.0
2026-06-18,Switzerland,Bosnia and Herzegovina,SoFi Stadium,Inglewood,United States,19:00,UTC-7,D,False,Predictable,1.3,6.8,7.49,0.7692307692307692,0.1470588235294117,0.1335113484646194,0.7327396452257982,0.1400825792343437,0.1271777755398581,0.60556186968594,1.95,1.32,1.45,1.5,0.5,0.1799999999999999,0.6799999999999999,1.0,8.4,0.0,0.0,1.0,8.4,1953.55,1.49,1.63,1649.23,1.37,1.37,304.31999999999994,0.1199999999999998,-0.2599999999999998,1,0.6357194207661497,1,0.7327396452257982,0.1400825792343437,1,1,-1,0,-2.0,-2.0,0,3,0,8,0,-5,-60.0,1.152876482035225,0.066,0.23299999999999993,-0.1669999999999999,0,0,0,0,1,0,304.31999999999994,0.1199999999999998,-0.2599999999999998,0.0
2026-06-18,Canada,Qatar,BC Place,Vancouver,Canada,21:00,UTC-7,D,False,Predictable,1.25,7.6,8.47,0.8,0.131578947368421,0.1180637544273907,0.7621641141612252,0.1253559398291488,0.1124799460096259,0.6496841681515992,1.54,0.64,1.14,1.72,0.4000000000000001,1.08,1.4800000000000002,0.0,0.0,0.0,0.0,0.0,0.0,1897.68,1.3,1.3,1565.25,1.41,1.21,332.43000000000006,-0.1099999999999998,-0.09,1,0.6819362455726093,1,0.7621641141612252,0.1253559398291488,1,1,1,0,2.0,2.0,0,7,0,1,0,6,-6.0,0.07703027464944823,0.5329999999999999,0.33399999999999996,0.199,1,0,0,0,0,1,332.43000000000006,-0.1099999999999998,-0.09,0.0
2026-06-19,Scotland,Morocco,Gillette Stadium,Foxborough,United States,13:00,UTC-4,E,False,Predictable,3.99,4.32,1.76,0.2506265664160401,0.2314814814814814,0.5681818181818182,0.2386260921964446,0.2203977101536607,0.5409761976498946,-0.3023501054534498,1.68,1.23,2.0,0.46,-0.32,-0.77,-1.09,0.0,0.0,0.0,0.0,0.0,0.0,1841.92,1.71,1.23,1984.21,1.48,0.8,-142.28999999999996,0.2299999999999999,-0.4299999999999999,1,-0.3175552517657781,2,0.5409761976498946,0.2203977101536607,1,1,-1,0,-3.0,-3.0,2,2,0,38,2,-36,38.0,-0.8008981853586471,-0.46699999999999997,-0.16700000000000004,-0.2999999999999998,0,0,0,0,1,0,-142.28999999999996,0.2299999999999999,-0.4299999999999999,0.0
2026-06-19,Brazil,Haiti,Lincoln Financial Field,Philadelphia,United States,16:00,UTC-4,E,False,Predictable,1.21,8.57,9.59,0.8264462809917356,0.116686114352392,0.1042752867570385,0.789039736021252,0.111404676847808,0.09955558713094,0.689484148890312,1.86,1.05,2.17,1.18,-0.3099999999999998,0.1299999999999999,-0.1799999999999999,1.0,9.5,0.0,0.0,1.0,9.5,2067.07,2.18,0.9,1706.83,1.64,1.35,360.24000000000024,0.5400000000000003,0.45,1,0.7221709942346971,1,0.789039736021252,0.111404676847808,1,3,3,0,16.0,5.333333333333333,3,3,0,0,3,3,-81.0,1.8434218879009185,0.0,0.133,-0.133,0,1,0,0,1,0,360.24000000000024,0.5400000000000003,0.45,0.0
2026-06-19,United States,Australia,Lumen Field,Seattle,United States,19:00,UTC-7,B,False,Predictable,3.18,3.94,2.07,0.3144654088050314,0.2538071065989847,0.4830917874396135,0.2991022312194693,0.2414073845883026,0.4594903841922282,-0.1603881529727589,1.63,1.59,1.45,0.92,0.1799999999999999,-0.67,-0.4900000000000001,1.0,8.2,0.0,0.0,1.0,8.2,1825.56,1.52,1.33,1900.1,2.01,1.07,-74.53999999999996,-0.4899999999999997,-0.26,1,-0.1686263786345821,2,0.4594903841922282,0.2414073845883026,1,4,1,1,2.0,0.5,0,0,0,1,0,-1,-7.0,0.32833127249951777,0.19999999999999996,-0.06699999999999995,0.2669999999999998,1,0,0,0,0,1,-74.53999999999996,-0.4899999999999997,-0.26,0.0
2026-06-19,Turkey,Paraguay,Levi's Stadium,Santa Clara,United States,21:00,UTC-7,B,False,Predictable,2.21,3.87,2.95,0.4524886877828054,0.2583979328165374,0.3389830508474576,0.4309951035724667,0.2461238188359564,0.3228810775915767,0.1081140259808899,2.04,1.14,1.27,0.96,0.77,-0.1799999999999999,0.5900000000000001,0.0,0.0,0.0,0.0,0.0,0.0,1966.93,1.4,1.41,1916.79,1.28,1.42,50.1400000000001,0.1199999999999998,0.01,1,0.1135056369353477,1,0.4309951035724667,0.2461238188359564,1,0,0,0,0.0,0.0,4,8,1,1,3,7,-31.0,0.42788785927972095,0.46699999999999997,0.26599999999999996,0.201,0,0,0,0,1,0,50.1400000000001,0.1199999999999998,0.01,0.0
2026-06-20,Germany,Ivory Coast,BMO Field,Toronto,Canada,13:00,UTC-4,I,False,Predictable,1.6,4.74,4.69,0.625,0.210970464135021,0.2132196162046908,0.5956975877980418,0.2010793545309845,0.2032230576709737,0.3924745301270681,2.49,1.05,1.77,0.6,0.7200000000000002,-0.45,0.2700000000000001,1.0,8.2,0.0,0.0,1.0,8.2,2001.8,2.25,1.16,1814.62,1.64,1.0,187.1800000000001,0.6100000000000001,-0.1599999999999999,1,0.4117803837953092,1,0.5956975877980418,0.2010793545309845,1,1,0,1,0.0,0.0,9,9,3,3,6,6,-20.0,0.6838958477242765,0.19999999999999996,0.06700000000000006,0.1329999999999999,0,0,0,0,1,0,187.1800000000001,0.6100000000000001,-0.1599999999999999,0.0
2026-06-20,Ecuador,Curaçao,GEHA Field at Arrowhead Stadium,Kansas City,United States,16:00,UTC-5,I,False,Predictable,1.13,11.47,12.7,0.8849557522123894,0.0871839581517,0.0787401574803149,0.8421093402689658,0.0829628207937167,0.0749278389373174,0.7671815013316483,1.05,0.46,1.95,1.1,-0.8999999999999999,0.6400000000000001,-0.2599999999999998,0.0,0.0,0.0,0.0,0.0,0.0,2026.06,1.21,1.53,1606.04,1.65,1.58,420.02,-0.4399999999999999,0.05,1,0.8062155947320745,1,0.8421093402689658,0.0829628207937167,1,0,0,0,0.0,0.0,2,19,1,1,1,18,-61.0,1.0237704543007469,0.33299999999999996,0.133,0.1999999999999999,0,1,0,0,1,0,420.02,-0.4399999999999999,0.05,0.0
2026-06-20,Netherlands,Sweden,NRG Stadium,Houston,United States,19:00,UTC-5,L,False,Predictable,1.44,5.46,5.74,0.6944444444444444,0.1831501831501831,0.1742160278745644,0.660237126172359,0.174128472836666,0.165634400990975,0.4946027251813839,2.4,1.05,2.08,1.45,0.3199999999999998,0.3999999999999999,0.7199999999999998,2.0,17.7,0.0,0.0,2.0,17.7,2008.12,2.09,1.22,1768.22,1.97,1.29,239.89999999999984,0.1199999999999998,0.07,1,0.5202284165698801,1,0.660237126172359,0.174128472836666,1,25,3,6,-1.0,-0.04,1,1,0,1,1,0,-21.0,0.865824769907988,0.066,0.33299999999999996,-0.2669999999999999,0,0,0,0,1,0,239.89999999999984,0.1199999999999998,0.07,0.0
2026-06-20,Tunisia,Japan,Estadio BBVA,Guadalupe,Mexico,21:00,UTC-6,L,False,Predictable,6.09,5.71,1.41,0.1642036124794745,0.1751313485113835,0.7092198581560284,0.1565999311443459,0.1670216428492236,0.6763784260064304,-0.5197784948620845,1.63,1.1,2.31,0.56,-0.6800000000000002,-0.54,-1.2200000000000002,0.0,0.0,0.0,0.0,0.0,0.0,1737.82,1.44,1.02,1992.16,1.83,1.15,-254.3400000000001,-0.3900000000000001,0.1299999999999999,1,-0.5450162456765539,2,0.6763784260064304,0.1670216428492236,1,5,-3,0,-3.0,-0.6,0,0,6,7,-6,-7,20.0,-0.503349137064341,-0.6,-0.23400000000000004,-0.3659999999999998,0,0,0,0,1,0,-254.3400000000001,-0.3900000000000001,0.1299999999999999,0.0
2026-06-21,Belgium,Iran,SoFi Stadium,Inglewood,United States,13:00,UTC-7,C,False,Predictable,2.16,3.89,3.03,0.4629629629629629,0.2570694087403599,0.33003300330033,0.4408896569524087,0.2448127658141909,0.3142975772334003,0.1265920797190084,2.49,1.14,1.82,0.82,0.6700000000000002,-0.3199999999999999,0.3500000000000002,0.0,0.0,0.0,0.0,0.0,0.0,1954.39,1.82,1.51,1895.96,1.89,0.79,58.430000000000064,-0.0699999999999998,-0.72,1,0.1329299596626329,1,0.4408896569524087,0.2448127658141909,1,0,0,0,0.0,0.0,2,13,3,3,-1,10,-13.0,0.542499344548639,0.19999999999999996,0.30000000000000004,-0.1,0,0,0,0,1,0,58.430000000000064,-0.0699999999999998,-0.72,0.0
2026-06-21,New Zealand,Egypt,BC Place,Vancouver,Canada,16:00,UTC-7,C,False,Predictable,3.33,4.0,2.0,0.3003003003003003,0.25,0.5,0.2859185132237313,0.2380271622587562,0.4760543245175125,-0.1901358112937812,2.08,1.27,1.23,0.82,0.8500000000000001,-0.45,0.4,0.0,0.0,0.0,0.0,0.0,0.0,1722.05,1.75,1.5,1810.1,1.62,1.01,-88.04999999999995,0.1299999999999999,-0.49,1,-0.1996996996996997,2,0.4760543245175125,0.2380271622587562,1,3,-2,1,-2.0,-0.6666666666666666,0,0,0,0,0,0,64.0,-1.0032614238533437,-0.333,-0.567,0.2339999999999999,0,0,0,0,1,0,-88.04999999999995,0.1299999999999999,-0.49,0.0
2026-06-21,Spain,Saudi Arabia,Mercedes-Benz Stadium,Atlanta,United States,19:00,UTC-4,F,False,Predictable,1.05,21.21,21.35,0.9523809523809524,0.0471475719000471,0.0468384074941451,0.9101787560939576,0.0450583542620771,0.0447628896439651,0.8654158664499926,2.53,1.0,1.1,1.18,1.4299999999999995,0.1799999999999999,1.6099999999999997,1.0,9.0,0.0,0.0,1.0,9.0,2216.28,2.05,0.9,1692.26,1.54,1.05,524.0200000000002,0.5099999999999998,0.15,1,0.9055425448868072,1,0.9101787560939576,0.0450583542620771,1,3,3,0,7.0,2.3333333333333335,1,30,0,2,1,28,-53.0,1.5064611326448432,0.39999999999999997,0.33299999999999996,0.067,0,0,0,0,1,0,524.0200000000002,0.5099999999999998,0.15,0.0
2026-06-21,Uruguay,Cape Verde,Hard Rock Stadium,Miami Gardens,United States,21:00,UTC-4,F,False,Predictable,1.27,7.24,8.03,0.7874015748031495,0.1381215469613259,0.12453300124533,0.7498661810058287,0.1315372997068235,0.1185965192873477,0.631269661718481,0.92,0.92,1.36,1.0,-0.44,0.0799999999999999,-0.3600000000000001,1.0,9.3,0.0,0.0,1.0,9.3,1973.7,1.58,1.21,1653.28,1.1,1.13,320.4200000000001,0.48,-0.08,1,0.6628685735578196,1,0.7498661810058287,0.1315372997068235,1,0,0,0,0.0,0.0,0,2,0,0,0,2,-54.0,1.2035326665282668,0.133,-0.03399999999999992,0.1669999999999999,0,0,0,0,1,0,320.4200000000001,0.48,-0.08,0.0
2026-06-22,France,Iraq,Lincoln Financial Field,Philadelphia,United States,13:00,UTC-4,K,False,Predictable,1.17,9.62,10.76,0.8547008547008548,0.1039501039501039,0.0929368029739777,0.8127717779637833,0.0988506216442439,0.0883776003919727,0.7243941775718106,2.17,1.14,1.05,1.14,1.12,0.0,1.12,2.0,17.3,0.0,0.0,2.0,17.3,2122.31,1.83,1.29,1737.26,1.53,0.93,385.05,0.3,-0.36,1,0.7617640517268771,1,0.8127717779637833,0.0988506216442439,1,0,0,0,0.0,0.0,1,1,0,0,1,1,-53.0,1.554128751681068,0.333,0.23299999999999998,0.1,0,0,0,0,1,0,385.05,0.3,-0.36,0.0
2026-06-22,Norway,Senegal,MetLife Stadium,East Rutherford,United States,16:00,UTC-4,K,False,Predictable,2.18,3.88,3.0,0.4587155963302752,0.2577319587628866,0.3333333333333333,0.4369631809718301,0.2455102408553066,0.3175265781728632,0.1194366027989669,2.8,0.92,2.26,0.82,0.54,-0.1,0.4399999999999999,0.0,0.0,0.0,0.0,0.0,0.0,1969.03,1.55,1.62,1913.14,1.38,0.94,55.88999999999987,0.1700000000000001,-0.6800000000000002,1,0.1253822629969418,1,0.4369631809718301,0.2455102408553066,1,1,-1,0,-1.0,-1.0,0,3,0,1,0,2,26.0,-0.5555369613540007,0.06700000000000006,0.03400000000000003,0.03300000000000011,0,0,0,0,1,0,55.88999999999987,0.1700000000000001,-0.6800000000000002,0.0
2026-06-22,Argentina,Austria,AT&T Stadium,Arlington,United States,19:00,UTC-5,A,False,Predictable,1.31,6.7,7.37,0.7633587786259541,0.1492537313432835,0.1356852103120759,0.7281889141389191,0.1423772354510424,0.1294338504100385,0.5987550637288805,2.17,0.56,2.17,0.82,0.0,0.2599999999999999,0.2599999999999999,0.0,0.0,2.0,17.8,-2.0,-17.8,2188.03,1.9,1.01,1887.6,1.79,1.53,300.4300000000003,0.1099999999999998,0.52,1,0.6276735683138782,1,0.7281889141389191,0.1423772354510424,1,2,1,1,4.0,2.0,7,7,3,5,4,2,-21.0,1.1530259103080667,0.33299999999999996,0.0,0.3329999999999999,0,0,0,0,1,0,300.4300000000003,0.1099999999999998,0.52,0.0
2026-06-22,Jordan,Algeria,Levi's Stadium,Santa Clara,United States,21:00,UTC-7,A,False,Predictable,3.57,4.11,1.9,0.2801120448179272,0.24330900243309,0.5263157894736842,0.2668402546412572,0.2317809511117489,0.5013787942469938,-0.2345385396057365,1.5,1.5,2.13,0.69,-0.6299999999999999,-0.81,-1.44,0.0,0.0,0.0,0.0,0.0,0.0,1774.58,1.28,1.12,1884.2,1.54,0.99,-109.62000000000012,-0.26,-0.1300000000000001,1,-0.246203744655757,2,0.5013787942469938,0.2317809511117489,1,2,-1,1,-6.0,-3.0,0,0,2,4,-2,-4,27.0,-0.4053615471489658,-0.334,-0.20000000000000007,-0.134,0,0,0,0,1,0,-109.62000000000012,-0.26,-0.1300000000000001,0.0
2026-06-23,Portugal,Uzbekistan,NRG Stadium,Houston,United States,13:00,UTC-5,G,False,Predictable,1.49,5.21,5.4,0.6711409395973155,0.1919385796545105,0.1851851851851851,0.6402399477503761,0.1831012518518349,0.1766588003977889,0.4635811473525871,2.31,1.05,1.27,0.87,1.04,-0.18,0.86,0.0,0.0,0.0,0.0,0.0,0.0,2043.59,1.77,1.12,1819.55,1.73,1.11,224.04,0.04,-0.01,1,0.4859557544121303,1,0.6402399477503761,0.1831012518518349,1,0,0,0,0.0,0.0,3,5,0,0,3,5,-52.0,1.2667034688717296,0.267,0.16699999999999993,0.10000000000000012,0,0,0,0,1,0,224.04,0.04,-0.01,0.0
2026-06-23,Colombia,DR Congo,Estadio Akron,Zapopan,Mexico,16:00,UTC-6,G,False,Predictable,1.31,6.66,7.32,0.7633587786259541,0.1501501501501501,0.1366120218579234,0.7269246253634535,0.1429836725564751,0.1300917020800716,0.5968329232833819,1.86,1.14,1.36,0.74,0.5,-0.3999999999999999,0.1,0.0,0.0,0.0,0.0,0.0,0.0,2062.07,1.29,1.15,1763.27,1.49,1.2,298.8000000000002,-0.1999999999999999,0.05,1,0.6267467567680307,1,0.7269246253634535,0.1429836725564751,1,0,0,0,0.0,0.0,2,2,0,0,2,2,-49.0,1.2021878120726999,-0.06700000000000006,-0.03299999999999992,-0.034000000000000107,0,0,0,0,1,0,298.8000000000002,-0.1999999999999999,0.05,0.0
2026-06-23,England,Ghana,Gillette Stadium,Foxborough,United States,19:00,UTC-4,H,False,Predictable,1.09,14.56,15.69,0.9174311926605504,0.0686813186813186,0.0637348629700446,0.8738710169769669,0.0654202890456657,0.0607086939773673,0.8131623229995996,2.26,0.51,1.36,1.18,0.8999999999999997,0.6699999999999999,1.5699999999999996,2.0,15.8,0.0,0.0,2.0,15.8,2088.22,2.18,0.96,1625.02,1.57,1.04,463.1999999999998,0.6100000000000001,0.08,1,0.8536963296905058,1,0.8738710169769669,0.0654202890456657,1,1,0,1,0.0,0.0,2,2,0,1,2,1,-66.0,1.706657661183347,0.667,0.3,0.3670000000000001,0,0,0,0,1,0,463.1999999999998,0.6100000000000001,0.08,0.0
2026-06-23,Panama,Croatia,BMO Field,Toronto,Canada,21:00,UTC-4,H,False,Predictable,3.61,4.13,1.88,0.2770083102493075,0.2421307506053268,0.5319148936170213,0.2635528928565367,0.2303694777753263,0.506077629368137,-0.2425247365116002,1.82,1.18,2.0,1.1,-0.1799999999999999,-0.0799999999999998,-0.2599999999999998,0.0,0.0,0.0,0.0,0.0,0.0,1853.61,1.26,1.53,1966.92,1.74,1.01,-113.31000000000016,-0.48,-0.52,1,-0.2549065833677137,2,0.506077629368137,0.2303694777753263,1,0,0,0,0.0,0.0,0,2,1,1,-1,1,25.0,-0.736121029082146,-0.13299999999999995,-0.133,1.1102230246251565e-16,1,0,0,0,1,0,-113.31000000000016,-0.48,-0.52,0.0
2026-06-24,Mexico,Czech Republic,Estadio Azteca,Mexico City,Mexico,13:00,UTC-6,J,False,Predictable,1.62,4.66,4.55,0.6172839506172839,0.2145922746781116,0.2197802197802197,0.5869635026797182,0.2040516897727776,0.208984807547504,0.3779786951322141,1.45,0.78,1.95,1.18,-0.5,0.3999999999999999,-0.1,0.0,0.0,1.0,9.1,-1.0,-9.1,1978.75,1.76,1.05,1799.54,1.79,1.02,179.21000000000004,-0.03,-0.03,1,0.3975037308370642,1,0.5869635026797182,0.2040516897727776,1,1,-1,0,-1.0,-1.0,3,8,2,6,1,2,-29.0,0.6069402872112477,0.0,0.09999999999999998,-0.1,1,0,0,0,0,1,179.21000000000004,-0.03,-0.03,0.0
2026-06-24,South Africa,South Korea,Estadio BBVA,Guadalupe,Mexico,16:00,UTC-6,J,False,Predictable,5.25,5.11,1.51,0.1904761904761904,0.1956947162426614,0.6622516556291391,0.1816788357259406,0.1866563380745965,0.6316648261994627,-0.449985990473522,1.45,0.82,1.72,1.0,-0.27,0.18,-0.0899999999999999,0.0,0.0,0.0,0.0,0.0,0.0,1663.11,1.35,0.95,1879.95,1.78,0.91,-216.8400000000001,-0.4299999999999999,-0.0399999999999999,1,-0.4717754651529487,2,0.6316648261994627,0.1866563380745965,1,0,0,0,0.0,0.0,1,2,2,2,-1,0,36.0,-0.5885232525836149,-0.26699999999999996,-0.133,-0.1339999999999999,0,0,0,0,1,0,-216.8400000000001,-0.4299999999999999,-0.0399999999999999,0.0
2026-06-24,Canada,Switzerland,BC Place,Vancouver,Canada,19:00,UTC-7,D,False,Predictable,3.0,3.88,2.18,0.3333333333333333,0.2577319587628866,0.4587155963302752,0.3175265781728632,0.2455102408553066,0.4369631809718301,-0.1194366027989669,1.54,0.64,1.95,1.32,-0.4099999999999999,0.68,0.2700000000000001,0.0,0.0,1.0,8.4,-1.0,-8.4,1897.68,1.3,1.3,1953.55,1.49,1.63,-55.86999999999989,-0.1899999999999999,0.3299999999999998,1,-0.1253822629969418,2,0.4369631809718301,0.2455102408553066,1,1,1,0,2.0,2.0,0,7,0,3,0,4,23.0,-0.5181051790073734,0.06699999999999995,-0.133,0.1999999999999999,1,0,0,0,0,1,-55.86999999999989,-0.1899999999999999,0.3299999999999998,0.0
2026-06-24,Bosnia and Herzegovina,Qatar,Lumen Field,Seattle,United States,21:00,UTC-7,D,False,Predictable,2.02,3.98,3.28,0.495049504950495,0.2512562814070351,0.3048780487804878,0.4709447466774412,0.2390222081126711,0.2900330452098876,0.1809117014675536,1.45,1.5,1.14,1.72,0.31,0.2199999999999999,0.53,0.0,0.0,0.0,0.0,0.0,0.0,1649.23,1.37,1.37,1565.25,1.41,1.21,83.98000000000002,-0.0399999999999998,-0.1600000000000001,1,0.1901714561700072,1,0.4709447466774412,0.2390222081126711,1,2,-1,1,-2.0,-1.0,0,8,0,1,0,7,31.0,-0.5577410283784034,0.4,0.234,0.166,0,0,0,0,1,0,83.98000000000002,-0.0399999999999998,-0.1600000000000001,0.0
2026-06-24,Scotland,Brazil,Hard Rock Stadium,Miami Gardens,United States,13:00,UTC-4,E,False,Predictable,5.42,5.23,1.48,0.1845018450184501,0.1912045889101338,0.6756756756756757,0.1754850528014944,0.1818602268038432,0.6426547203946622,-0.4671696675931677,1.68,1.23,1.86,1.05,-0.1800000000000001,-0.1799999999999999,-0.3600000000000001,0.0,0.0,1.0,9.5,-1.0,-9.5,1841.92,1.71,1.23,2067.07,2.18,0.9,-225.1500000000001,-0.4700000000000002,-0.3299999999999999,1,-0.4911738306572255,2,0.6426547203946622,0.1818602268038432,1,10,-8,2,-13.0,-1.3,2,2,3,3,-1,-1,47.0,-1.15907775535812,-0.267,0.0,-0.2669999999999999,0,0,0,0,1,0,-225.1500000000001,-0.4700000000000002,-0.3299999999999999,0.0
2026-06-24,Morocco,Haiti,Mercedes-Benz Stadium,Atlanta,United States,16:00,UTC-4,E,False,Predictable,1.35,6.16,6.69,0.7407407407407407,0.1623376623376623,0.1494768310911808,0.7037547453033665,0.1542319652856403,0.1420132894109932,0.5617414558923732,2.0,0.46,2.17,1.18,-0.1699999999999999,0.72,0.55,0.0,0.0,0.0,0.0,0.0,0.0,1984.21,1.48,0.8,1706.83,1.64,1.35,277.3800000000001,-0.1599999999999999,0.55,1,0.5912639096495599,1,0.7037547453033665,0.1542319652856403,1,0,0,0,0.0,0.0,0,38,0,0,0,38,-72.0,1.4852423179014456,0.19999999999999996,0.30000000000000004,-0.1000000000000001,0,1,0,0,1,0,277.3800000000001,-0.1599999999999999,0.55,0.0
2026-06-25,United States,Turkey,SoFi Stadium,Inglewood,United States,19:00,UTC-7,B,False,Predictable,3.98,4.32,1.76,0.2512562814070351,0.2314814814814814,0.5681818181818182,0.2390823103240088,0.220265647011471,0.54065204266452,-0.3015697323405112,1.63,1.59,2.04,1.14,-0.4100000000000001,-0.4500000000000002,-0.8600000000000003,1.0,8.2,0.0,0.0,1.0,8.2,1825.56,1.52,1.33,1966.93,1.4,1.41,-141.37000000000012,0.1200000000000001,0.0799999999999998,1,-0.3169255367747831,2,0.54065204266452,0.220265647011471,1,5,0,1,0.0,0.0,0,0,4,8,-4,-8,-8.0,0.3499236579250178,-0.267,-0.19999999999999996,-0.0670000000000001,1,0,0,0,0,1,-141.37000000000012,0.1200000000000001,0.0799999999999998,0.0
2026-06-25,Paraguay,Australia,Levi's Stadium,Santa Clara,United States,21:00,UTC-7,B,False,Predictable,2.42,3.82,2.67,0.4132231404958678,0.2617801047120419,0.3745318352059925,0.3937201797322545,0.2494248259036795,0.3568549943640658,0.0368651853681886,1.27,0.96,1.45,0.92,-0.1799999999999999,-0.0399999999999999,-0.2199999999999998,0.0,0.0,0.0,0.0,0.0,0.0,1916.79,1.28,1.42,1900.1,2.01,1.07,16.690000000000055,-0.7299999999999998,-0.3499999999999998,1,0.0386913052898753,1,0.3937201797322545,0.2494248259036795,1,5,-2,3,-2.0,-0.4,1,1,0,1,1,0,32.0,-0.44948024470522097,0.0,-0.13299999999999995,0.1329999999999999,0,0,0,0,1,0,16.690000000000055,-0.7299999999999998,-0.3499999999999998,0.0
2026-06-25,Curaçao,Ivory Coast,Lincoln Financial Field,Philadelphia,United States,13:00,UTC-4,I,False,Predictable,5.08,5.0,1.53,0.1968503937007873,0.2,0.6535947712418301,0.1873971153092419,0.1903954691541898,0.6222074155365682,-0.4348103002273262,1.95,1.1,1.77,0.6,0.1799999999999999,-0.5000000000000001,-0.3200000000000002,0.0,0.0,0.0,0.0,0.0,0.0,1606.04,1.65,1.58,1814.62,1.64,1.0,-208.58,0.01,-0.5800000000000001,1,-0.4567443775410428,2,0.6222074155365682,0.1903954691541898,1,0,0,0,0.0,0.0,1,1,3,3,-2,-2,55.0,-0.9254840078396893,-0.533,-0.33299999999999996,-0.2,1,0,0,0,1,0,-208.58,0.01,-0.5800000000000001,0.0
2026-06-25,Ecuador,Germany,MetLife Stadium,East Rutherford,United States,16:00,UTC-4,I,False,Predictable,2.37,3.82,2.73,0.4219409282700421,0.2617801047120419,0.3663003663003663,0.4018403135006415,0.2493093044493509,0.3488503820500075,0.052989931450634,1.05,0.46,2.49,1.05,-1.4400000000000002,0.5900000000000001,-0.8500000000000001,0.0,0.0,1.0,8.2,-1.0,-8.2,2026.06,1.21,1.53,2001.8,2.25,1.16,24.25999999999999,-1.04,-0.3700000000000001,1,0.0556405619696758,1,0.4018403135006415,0.2493093044493509,1,2,-2,0,-5.0,-2.5,2,19,9,9,-7,10,14.0,-0.5856094012632189,-0.4,-0.267,-0.133,0,0,0,0,1,0,24.25999999999999,-1.04,-0.3700000000000001,0.0
2026-06-25,Japan,Sweden,AT&T Stadium,Arlington,United States,19:00,UTC-5,L,False,Predictable,1.49,5.21,5.39,0.6711409395973155,0.1919385796545105,0.1855287569573284,0.6400301760191813,0.1830412595525106,0.176928564428308,0.4631016115908732,2.31,0.56,2.08,1.45,0.2299999999999999,0.8899999999999999,1.12,0.0,0.0,0.0,0.0,0.0,0.0,1992.16,1.83,1.15,1768.22,1.97,1.29,223.94000000000003,-0.1399999999999999,0.1400000000000001,1,0.485612182639987,1,0.6400301760191813,0.1830412595525106,1,4,-1,3,-1.0,-0.25,6,7,0,1,6,6,-12.0,0.4162324539981357,0.5329999999999999,0.30000000000000004,0.2329999999999999,0,0,0,0,1,0,223.94000000000003,-0.1399999999999999,0.1400000000000001,0.0
2026-06-25,Tunisia,Netherlands,GEHA Field at Arrowhead Stadium,Kansas City,United States,21:00,UTC-5,L,False,Predictable,6.5,6.01,1.37,0.1538461538461538,0.1663893510815308,0.7299270072992701,0.1464974725863244,0.1584415260916986,0.695061001321977,-0.5485635287356526,1.63,1.1,2.4,1.05,-0.77,-0.05,-0.8200000000000001,0.0,0.0,2.0,17.7,-2.0,-17.7,1737.82,1.44,1.02,2008.12,2.09,1.22,-270.29999999999995,-0.6499999999999999,0.1999999999999999,1,-0.5760808534531163,2,0.695061001321977,0.1584415260916986,1,3,-1,2,-4.0,-1.3333333333333333,0,0,1,1,-1,-1,29.0,-0.9529414529741933,-0.133,-0.26699999999999996,0.134,0,0,0,0,1,0,-270.29999999999995,-0.6499999999999999,0.1999999999999999,0.0
2026-06-26,Egypt,Iran,Lumen Field,Seattle,United States,13:00,UTC-7,C,False,Predictable,3.3,3.99,2.01,0.303030303030303,0.2506265664160401,0.4975124378109453,0.2882792533402349,0.2384264501310213,0.4732942965287439,-0.185015043188509,1.23,0.82,1.82,0.82,-0.5900000000000001,0.0,-0.5900000000000001,0.0,0.0,0.0,0.0,0.0,0.0,1810.1,1.62,1.01,1895.96,1.89,0.79,-85.86000000000013,-0.2699999999999998,-0.2199999999999999,1,-0.1944821347806423,2,0.4732942965287439,0.2384264501310213,1,1,0,1,0.0,0.0,0,0,3,3,-3,-3,12.0,-0.40076662775911,0.0,0.19999999999999996,-0.1999999999999999,0,0,0,0,1,0,-85.86000000000013,-0.2699999999999998,-0.2199999999999999,0.0
2026-06-26,New Zealand,Belgium,BC Place,Vancouver,Canada,16:00,UTC-7,C,False,Predictable,5.58,5.34,1.46,0.1792114695340501,0.1872659176029962,0.684931506849315,0.1704488810766849,0.1781095049453,0.651441613978015,-0.4809927329013301,2.08,1.27,2.49,1.14,-0.4100000000000001,-0.1300000000000001,-0.5400000000000003,0.0,0.0,0.0,0.0,0.0,0.0,1722.05,1.75,1.5,1954.39,1.82,1.51,-232.3400000000001,-0.07,0.01,1,-0.5057200373152649,2,0.651441613978015,0.1781095049453,1,0,0,0,0.0,0.0,0,0,2,13,-2,-13,89.0,-1.9465273961610927,-0.5329999999999999,-0.667,0.134,0,0,0,0,1,0,-232.3400000000001,-0.07,0.01,0.0
2026-06-26,Cape Verde,Saudi Arabia,NRG Stadium,Houston,United States,19:00,UTC-5,F,False,Predictable,2.85,3.85,2.28,0.3508771929824561,0.2597402597402597,0.4385964912280702,0.3344191096634094,0.247557003257329,0.4180238870792617,-0.0836047774158523,1.36,1.0,1.1,1.18,0.26,0.1799999999999999,0.4399999999999999,0.0,0.0,0.0,0.0,0.0,0.0,1653.28,1.1,1.13,1692.26,1.54,1.05,-38.98000000000002,-0.4399999999999999,-0.0799999999999998,1,-0.087719298245614,2,0.4180238870792617,0.247557003257329,1,0,0,0,0.0,0.0,0,0,0,2,0,-2,9.0,-0.20169081126691235,0.2,0.16699999999999993,0.03300000000000011,0,0,0,0,1,0,-38.98000000000002,-0.4399999999999999,-0.0799999999999998,0.0
2026-06-26,Uruguay,Spain,Estadio Akron,Zapopan,Mexico,21:00,UTC-6,F,False,Predictable,5.8,5.5,1.44,0.1724137931034483,0.1818181818181818,0.6944444444444444,0.164410861081126,0.1733787262310056,0.6622104126878685,-0.4977995516067425,0.92,0.92,2.53,1.0,-1.61,0.0799999999999999,-1.5299999999999998,1.0,9.3,1.0,9.0,0.0,0.3000000000000007,1973.7,1.58,1.21,2216.28,2.05,0.9,-242.58000000000013,-0.4699999999999997,-0.3099999999999999,1,-0.5220306513409961,2,0.6622104126878685,0.1733787262310056,1,10,-5,5,-8.0,-0.8,0,2,1,30,-1,-28,8.0,-0.5046192773834888,-0.06699999999999995,-0.19999999999999996,0.133,0,0,0,0,1,0,-242.58000000000013,-0.4699999999999997,-0.3099999999999999,0.0
2026-06-26,Norway,France,Gillette Stadium,Foxborough,United States,13:00,UTC-4,K,False,Predictable,4.15,4.41,1.72,0.2409638554216867,0.2267573696145124,0.5813953488372093,0.2296826314849188,0.2161412518508873,0.5541761166641939,-0.324493485179275,2.8,0.92,2.17,1.14,0.6299999999999999,0.2199999999999998,0.8499999999999998,0.0,0.0,2.0,17.3,-2.0,-17.3,1969.03,1.55,1.62,2122.31,1.83,1.29,-153.27999999999997,-0.28,-0.33,1,-0.3404314934155226,2,0.5541761166641939,0.2161412518508873,1,16,-2,4,0.0,0.0,0,3,1,1,-1,2,45.0,-1.4186720223508544,-0.133,-0.06599999999999995,-0.067,0,0,0,0,1,0,-153.27999999999997,-0.28,-0.33,0.0
2026-06-26,Senegal,Iraq,BMO Field,Toronto,Canada,16:00,UTC-4,K,False,Predictable,1.64,4.62,4.5,0.6097560975609756,0.2164502164502164,0.2222222222222222,0.5815905199906005,0.2064520460572694,0.21195743395213,0.3696330860384705,2.26,0.82,1.05,1.14,1.2099999999999995,0.3199999999999999,1.5299999999999998,0.0,0.0,0.0,0.0,0.0,0.0,1913.14,1.38,0.94,1737.26,1.53,0.93,175.8800000000001,-0.1500000000000001,-0.0099999999999998,1,0.3875338753387534,1,0.5815905199906005,0.2064520460572694,1,0,0,0,0.0,0.0,0,1,0,0,0,1,-34.0,0.6909936906842143,0.13299999999999995,0.133,-1.1102230246251565e-16,0,0,0,0,1,0,175.8800000000001,-0.1500000000000001,-0.0099999999999998,0.0
2026-06-27,Algeria,Austria,GEHA Field at Arrowhead Stadium,Kansas City,United States,19:00,UTC-5,A,False,Predictable,2.56,3.81,2.51,0.390625,0.2624671916010498,0.398406374501992,0.3714936116819398,0.2496125054870776,0.3788938828309824,-0.0074002711490426,2.13,0.69,2.17,0.82,-0.04,0.13,0.0899999999999999,0.0,0.0,2.0,17.8,-2.0,-17.8,1884.2,1.54,0.99,1887.6,1.79,1.53,-3.399999999999864,-0.25,0.54,1,-0.007781374501992,2,0.3788938828309824,0.2496125054870776,1,1,-1,0,-2.0,-2.0,2,4,3,5,-1,-1,19.0,-0.35242658149510075,0.0,-0.06599999999999995,0.066,0,0,0,0,1,0,-3.399999999999864,-0.25,0.54,0.0
2026-06-27,Jordan,Argentina,AT&T Stadium,Arlington,United States,21:00,UTC-5,A,False,Predictable,12.3,11.09,1.14,0.08130081300813,0.0901713255184851,0.8771929824561404,0.0775279079864305,0.0859867690020825,0.836485323011487,-0.7589574150250565,1.5,1.5,2.17,0.56,-0.6699999999999999,-0.94,-1.61,0.0,0.0,0.0,0.0,0.0,0.0,1774.58,1.28,1.12,2188.03,1.9,1.01,-413.4500000000003,-0.6199999999999999,-0.1100000000000001,1,-0.7958921694480104,2,0.836485323011487,0.0859867690020825,1,0,0,0,0.0,0.0,0,0,7,7,-7,-7,67.0,-1.9108140389521333,-0.667,-0.266,-0.4009999999999999,0,0,0,0,1,0,-413.4500000000003,-0.6199999999999999,-0.1100000000000001,0.0
2026-06-27,Colombia,Portugal,Hard Rock Stadium,Miami Gardens,United States,13:00,UTC-4,G,False,Predictable,2.41,3.82,2.68,0.4149377593360995,0.2617801047120419,0.3731343283582089,0.3952344552284326,0.2493494861519693,0.355416058619598,0.0398183966088346,1.86,1.14,2.31,1.05,-0.4499999999999999,-0.0899999999999998,-0.5399999999999998,0.0,0.0,0.0,0.0,0.0,0.0,2062.07,1.29,1.15,2043.59,1.77,1.12,18.48000000000025,-0.48,-0.0299999999999998,1,0.0418034309778905,1,0.3952344552284326,0.2493494861519693,1,0,0,0,0.0,0.0,2,2,3,5,-1,-3,1.0,-0.05013318553809909,-0.06700000000000006,-0.03299999999999992,-0.034000000000000107,0,0,0,0,1,0,18.48000000000025,-0.48,-0.0299999999999998,0.0
2026-06-27,DR Congo,Uzbekistan,Mercedes-Benz Stadium,Atlanta,United States,16:00,UTC-4,G,False,Predictable,3.01,3.89,2.17,0.3322259136212624,0.2570694087403599,0.4608294930875576,0.3163680247658525,0.2447989086234488,0.4388330666106986,-0.122465041844846,1.36,0.74,1.27,0.87,0.09,0.13,0.22,0.0,0.0,0.0,0.0,0.0,0.0,1763.27,1.49,1.2,1819.55,1.73,1.11,-56.27999999999997,-0.24,-0.0899999999999998,1,-0.1286035794662952,2,0.4388330666106986,0.2447989086234488,1,0,0,0,0.0,0.0,0,0,0,0,0,0,-2.0,0.014382471260930507,0.267,0.16699999999999993,0.10000000000000012,0,0,0,0,1,0,-56.27999999999997,-0.24,-0.0899999999999998,0.0
2026-06-27,Panama,England,MetLife Stadium,East Rutherford,United States,19:00,UTC-4,H,False,Predictable,5.63,5.37,1.46,0.1776198934280639,0.186219739292365,0.684931506849315,0.1693600126152709,0.1775599387381704,0.6530800486465584,-0.4837200360312875,1.82,1.18,2.26,0.51,-0.4399999999999997,-0.6699999999999999,-1.1099999999999997,0.0,0.0,2.0,15.8,-2.0,-15.8,1853.61,1.26,1.53,2088.22,2.18,0.96,-234.6099999999999,-0.9200000000000002,-0.5700000000000001,1,-0.5073116134212512,2,0.6530800486465584,0.1775599387381704,1,1,-1,0,-5.0,-5.0,0,2,2,2,-2,0,33.0,-1.1757390077798728,-0.2,-0.133,-0.06699999999999999,1,0,0,0,1,0,-234.6099999999999,-0.9200000000000002,-0.5700000000000001,0.0
2026-06-27,Croatia,Ghana,Lincoln Financial Field,Philadelphia,United States,21:00,UTC-4,H,False,Predictable,1.23,7.91,8.83,0.8130081300813008,0.1264222503160556,0.1132502831257078,0.7723217099479741,0.1200955377036672,0.1075827523483587,0.6647389575996153,2.0,1.1,1.36,1.18,0.6399999999999999,0.0799999999999998,0.7199999999999998,0.0,0.0,0.0,0.0,0.0,0.0,1966.92,1.74,1.01,1625.02,1.57,1.04,341.9000000000001,0.1699999999999999,0.03,1,0.699757846955593,1,0.7723217099479741,0.1200955377036672,1,0,0,0,0.0,0.0,1,1,0,1,1,0,-58.0,1.26703968248562,0.6,0.3,0.3,0,0,0,0,1,0,341.9000000000001,0.1699999999999999,0.03,0.0
2026-06-28,Runner-up Group A,Runner-up Group B,SoFi Stadium,Inglewood,United States,15:00,UTC-7,Round of 32,True,Placeholder,2.54,3.81,2.54,0.3937007874015747,0.2624671916010498,0.3937007874015747,0.375,0.25,0.375,0.0,,,,,,,,0.0,0.0,0.0,0.0,0.0,0.0,,,,,,,,,,1,0.0,0,0.375,0.25,1,0,0,0,0.0,0.0,0,0,0,0,0,0,0.0,0.0,0.0,0.0,0.0,0,0,1,1,1,0,,,,0.0
2026-06-29,Winner Group E,3rd Group A/B/C/D/F,Gillette Stadium,Foxborough,United States,18:00,UTC-4,Round of 32,True,Placeholder,2.54,3.81,2.54,0.3937007874015747,0.2624671916010498,0.3937007874015747,0.375,0.25,0.375,0.0,,,,,,,,0.0,0.0,0.0,0.0,0.0,0.0,,,,,,,,,,1,0.0,0,0.375,0.25,1,0,0,0,0.0,0.0,0,0,0,0,0,0,0.0,0.0,0.0,0.0,0.0,0,0,1,1,1,0,,,,0.0
2026-06-29,Winner Group F,Runner-up Group C,Estadio BBVA,Guadalupe,Mexico,20:00,UTC-6,Round of 32,True,Placeholder,2.54,3.81,2.54,0.3937007874015747,0.2624671916010498,0.3937007874015747,0.375,0.25,0.375,0.0,,,,,,,,0.0,0.0,0.0,0.0,0.0,0.0,,,,,,,,,,1,0.0,0,0.375,0.25,1,0,0,0,0.0,0.0,0,0,0,0,0,0,0.0,0.0,0.0,0.0,0.0,0,0,1,1,1,0,,,,0.0
2026-06-29,Winner Group C,Runner-up Group F,NRG Stadium,Houston,United States,21:00,UTC-5,Round of 32,True,Placeholder,2.54,3.81,2.54,0.3937007874015747,0.2624671916010498,0.3937007874015747,0.375,0.25,0.375,0.0,,,,,,,,0.0,0.0,0.0,0.0,0.0,0.0,,,,,,,,,,1,0.0,0,0.375,0.25,1,0,0,0,0.0,0.0,0,0,0,0,0,0,0.0,0.0,0.0,0.0,0.0,0,0,1,1,1,0,,,,0.0
2026-06-30,Winner Group I,3rd Group C/D/F/G/H,MetLife Stadium,East Rutherford,United States,15:00,UTC-4,Round of 32,True,Placeholder,2.54,3.81,2.54,0.3937007874015747,0.2624671916010498,0.3937007874015747,0.375,0.25,0.375,0.0,,,,,,,,0.0,0.0,0.0,0.0,0.0,0.0,,,,,,,,,,1,0.0,0,0.375,0.25,1,0,0,0,0.0,0.0,0,0,0,0,0,0,0.0,0.0,0.0,0.0,0.0,0,0,1,1,1,0,,,,0.0
2026-06-30,Runner-up Group E,Runner-up Group I,AT&T Stadium,Arlington,United States,18:00,UTC-5,Round of 32,True,Placeholder,2.54,3.81,2.54,0.3937007874015747,0.2624671916010498,0.3937007874015747,0.375,0.25,0.375,0.0,,,,,,,,0.0,0.0,0.0,0.0,0.0,0.0,,,,,,,,,,1,0.0,0,0.375,0.25,1,0,0,0,0.0,0.0,0,0,0,0,0,0,0.0,0.0,0.0,0.0,0.0,0,0,1,1,1,0,,,,0.0
2026-06-30,Winner Group A,3rd Group C/E/F/H/I,Estadio Azteca,Mexico City,Mexico,20:00,UTC-6,Round of 32,True,Placeholder,2.54,3.81,2.54,0.3937007874015747,0.2624671916010498,0.3937007874015747,0.375,0.25,0.375,0.0,,,,,,,,0.0,0.0,0.0,0.0,0.0,0.0,,,,,,,,,,1,0.0,0,0.375,0.25,1,0,0,0,0.0,0.0,0,0,0,0,0,0,0.0,0.0,0.0,0.0,0.0,0,0,1,1,1,0,,,,0.0
2026-07-01,Winner Group L,3rd Group E/H/I/J/K,Mercedes-Benz Stadium,Atlanta,United States,21:00,UTC-4,Round of 32,True,Placeholder,2.54,3.81,2.54,0.3937007874015747,0.2624671916010498,0.3937007874015747,0.375,0.25,0.375,0.0,,,,,,,,0.0,0.0,0.0,0.0,0.0,0.0,,,,,,,,,,1,0.0,0,0.375,0.25,1,0,0,0,0.0,0.0,0,0,0,0,0,0,0.0,0.0,0.0,0.0,0.0,0,0,1,1,1,0,,,,0.0
2026-07-01,Winner Group D,3rd Group B/E/F/I/J,Levi's Stadium,Santa Clara,United States,15:00,UTC-7,Round of 32,True,Placeholder,2.54,3.81,2.54,0.3937007874015747,0.2624671916010498,0.3937007874015747,0.375,0.25,0.375,0.0,,,,,,,,0.0,0.0,0.0,0.0,0.0,0.0,,,,,,,,,,1,0.0,0,0.375,0.25,1,0,0,0,0.0,0.0,0,0,0,0,0,0,0.0,0.0,0.0,0.0,0.0,0,0,1,1,1,0,,,,0.0
2026-07-01,Winner Group G,3rd Group A/E/H/I/J,Lumen Field,Seattle,United States,18:00,UTC-7,Round of 32,True,Placeholder,2.54,3.81,2.54,0.3937007874015747,0.2624671916010498,0.3937007874015747,0.375,0.25,0.375,0.0,,,,,,,,0.0,0.0,0.0,0.0,0.0,0.0,,,,,,,,,,1,0.0,0,0.375,0.25,1,0,0,0,0.0,0.0,0,0,0,0,0,0,0.0,0.0,0.0,0.0,0.0,0,0,1,1,1,0,,,,0.0
2026-07-02,Runner-up Group K,Runner-up Group L,BMO Field,Toronto,Canada,20:00,UTC-4,Round of 32,True,Placeholder,2.54,3.81,2.54,0.3937007874015747,0.2624671916010498,0.3937007874015747,0.375,0.25,0.375,0.0,,,,,,,,0.0,0.0,0.0,0.0,0.0,0.0,,,,,,,,,,1,0.0,0,0.375,0.25,1,0,0,0,0.0,0.0,0,0,0,0,0,0,0.0,0.0,0.0,0.0,0.0,0,0,1,1,1,0,,,,0.0
2026-07-02,Winner Group H,Runner-up Group J,SoFi Stadium,Inglewood,United States,21:00,UTC-7,Round of 32,True,Placeholder,2.54,3.81,2.54,0.3937007874015747,0.2624671916010498,0.3937007874015747,0.375,0.25,0.375,0.0,,,,,,,,0.0,0.0,0.0,0.0,0.0,0.0,,,,,,,,,,1,0.0,0,0.375,0.25,1,0,0,0,0.0,0.0,0,0,0,0,0,0,0.0,0.0,0.0,0.0,0.0,0,0,1,1,1,0,,,,0.0
2026-07-02,Winner Group B,3rd Group E/F/G/I/J,BC Place,Vancouver,Canada,15:00,UTC-7,Round of 32,True,Placeholder,2.54,3.81,2.54,0.3937007874015747,0.2624671916010498,0.3937007874015747,0.375,0.25,0.375,0.0,,,,,,,,0.0,0.0,0.0,0.0,0.0,0.0,,,,,,,,,,1,0.0,0,0.375,0.25,1,0,0,0,0.0,0.0,0,0,0,0,0,0,0.0,0.0,0.0,0.0,0.0,0,0,1,1,1,0,,,,0.0
2026-07-03,Winner Group J,Runner-up Group H,Hard Rock Stadium,Miami Gardens,United States,18:00,UTC-4,Round of 32,True,Placeholder,2.54,3.81,2.54,0.3937007874015747,0.2624671916010498,0.3937007874015747,0.375,0.25,0.375,0.0,,,,,,,,0.0,0.0,0.0,0.0,0.0,0.0,,,,,,,,,,1,0.0,0,0.375,0.25,1,0,0,0,0.0,0.0,0,0,0,0,0,0,0.0,0.0,0.0,0.0,0.0,0,0,1,1,1,0,,,,0.0
2026-07-03,Winner Group K,3rd Group D/E/I/J/L,GEHA Field at Arrowhead Stadium,Kansas City,United States,20:00,UTC-5,Round of 32,True,Placeholder,2.54,3.81,2.54,0.3937007874015747,0.2624671916010498,0.3937007874015747,0.375,0.25,0.375,0.0,,,,,,,,0.0,0.0,0.0,0.0,0.0,0.0,,,,,,,,,,1,0.0,0,0.375,0.25,1,0,0,0,0.0,0.0,0,0,0,0,0,0,0.0,0.0,0.0,0.0,0.0,0,0,1,1,1,0,,,,0.0
2026-07-03,Runner-up Group D,Runner-up Group G,AT&T Stadium,Arlington,United States,21:00,UTC-5,Round of 32,True,Placeholder,2.54,3.81,2.54,0.3937007874015747,0.2624671916010498,0.3937007874015747,0.375,0.25,0.375,0.0,,,,,,,,0.0,0.0,0.0,0.0,0.0,0.0,,,,,,,,,,1,0.0,0,0.375,0.25,1,0,0,0,0.0,0.0,0,0,0,0,0,0,0.0,0.0,0.0,0.0,0.0,0,0,1,1,1,0,,,,0.0
2026-07-04,Winner Match 73,Winner Match 74,Lincoln Financial Field,Philadelphia,United States,15:00,UTC-4,Round of 16,True,Placeholder,2.54,3.81,2.54,0.3937007874015747,0.2624671916010498,0.3937007874015747,0.375,0.25,0.375,0.0,,,,,,,,0.0,0.0,0.0,0.0,0.0,0.0,,,,,,,,,,1,0.0,0,0.375,0.25,1,0,0,0,0.0,0.0,0,0,0,0,0,0,0.0,0.0,0.0,0.0,0.0,0,0,1,1,1,0,,,,0.0
2026-07-05,Winner Match 75,Winner Match 76,NRG Stadium,Houston,United States,18:00,UTC-5,Round of 16,True,Placeholder,2.54,3.81,2.54,0.3937007874015747,0.2624671916010498,0.3937007874015747,0.375,0.25,0.375,0.0,,,,,,,,0.0,0.0,0.0,0.0,0.0,0.0,,,,,,,,,,1,0.0,0,0.375,0.25,1,0,0,0,0.0,0.0,0,0,0,0,0,0,0.0,0.0,0.0,0.0,0.0,0,0,1,1,1,0,,,,0.0
2026-07-05,Winner Match 77,Winner Match 78,MetLife Stadium,East Rutherford,United States,20:00,UTC-4,Round of 16,True,Placeholder,2.54,3.81,2.54,0.3937007874015747,0.2624671916010498,0.3937007874015747,0.375,0.25,0.375,0.0,,,,,,,,0.0,0.0,0.0,0.0,0.0,0.0,,,,,,,,,,1,0.0,0,0.375,0.25,1,0,0,0,0.0,0.0,0,0,0,0,0,0,0.0,0.0,0.0,0.0,0.0,0,0,1,1,1,0,,,,0.0
2026-07-06,Winner Match 79,Winner Match 80,Estadio Azteca,Mexico City,Mexico,21:00,UTC-6,Round of 16,True,Placeholder,2.54,3.81,2.54,0.3937007874015747,0.2624671916010498,0.3937007874015747,0.375,0.25,0.375,0.0,,,,,,,,0.0,0.0,0.0,0.0,0.0,0.0,,,,,,,,,,1,0.0,0,0.375,0.25,1,0,0,0,0.0,0.0,0,0,0,0,0,0,0.0,0.0,0.0,0.0,0.0,0,0,1,1,1,0,,,,0.0
2026-07-06,Winner Match 81,Winner Match 82,AT&T Stadium,Arlington,United States,15:00,UTC-5,Round of 16,True,Placeholder,2.54,3.81,2.54,0.3937007874015747,0.2624671916010498,0.3937007874015747,0.375,0.25,0.375,0.0,,,,,,,,0.0,0.0,0.0,0.0,0.0,0.0,,,,,,,,,,1,0.0,0,0.375,0.25,1,0,0,0,0.0,0.0,0,0,0,0,0,0,0.0,0.0,0.0,0.0,0.0,0,0,1,1,1,0,,,,0.0
2026-07-07,Winner Match 83,Winner Match 84,Lumen Field,Seattle,United States,18:00,UTC-7,Round of 16,True,Placeholder,2.54,3.81,2.54,0.3937007874015747,0.2624671916010498,0.3937007874015747,0.375,0.25,0.375,0.0,,,,,,,,0.0,0.0,0.0,0.0,0.0,0.0,,,,,,,,,,1,0.0,0,0.375,0.25,1,0,0,0,0.0,0.0,0,0,0,0,0,0,0.0,0.0,0.0,0.0,0.0,0,0,1,1,1,0,,,,0.0
2026-07-07,Winner Match 85,Winner Match 86,Mercedes-Benz Stadium,Atlanta,United States,20:00,UTC-4,Round of 16,True,Placeholder,2.54,3.81,2.54,0.3937007874015747,0.2624671916010498,0.3937007874015747,0.375,0.25,0.375,0.0,,,,,,,,0.0,0.0,0.0,0.0,0.0,0.0,,,,,,,,,,1,0.0,0,0.375,0.25,1,0,0,0,0.0,0.0,0,0,0,0,0,0,0.0,0.0,0.0,0.0,0.0,0,0,1,1,1,0,,,,0.0
2026-07-08,Winner Match 87,Winner Match 88,BC Place,Vancouver,Canada,21:00,UTC-7,Round of 16,True,Placeholder,2.54,3.81,2.54,0.3937007874015747,0.2624671916010498,0.3937007874015747,0.375,0.25,0.375,0.0,,,,,,,,0.0,0.0,0.0,0.0,0.0,0.0,,,,,,,,,,1,0.0,0,0.375,0.25,1,0,0,0,0.0,0.0,0,0,0,0,0,0,0.0,0.0,0.0,0.0,0.0,0,0,1,1,1,0,,,,0.0
2026-07-09,Winner Match 89,Winner Match 90,Gillette Stadium,Foxborough,United States,15:00,UTC-4,Quarter-final,True,Placeholder,2.54,3.81,2.54,0.3937007874015747,0.2624671916010498,0.3937007874015747,0.375,0.25,0.375,0.0,,,,,,,,0.0,0.0,0.0,0.0,0.0,0.0,,,,,,,,,,1,0.0,0,0.375,0.25,1,0,0,0,0.0,0.0,0,0,0,0,0,0,0.0,0.0,0.0,0.0,0.0,0,0,1,1,1,0,,,,0.0
2026-07-10,Winner Match 91,Winner Match 92,SoFi Stadium,Inglewood,United States,18:00,UTC-7,Quarter-final,True,Placeholder,2.54,3.81,2.54,0.3937007874015747,0.2624671916010498,0.3937007874015747,0.375,0.25,0.375,0.0,,,,,,,,0.0,0.0,0.0,0.0,0.0,0.0,,,,,,,,,,1,0.0,0,0.375,0.25,1,0,0,0,0.0,0.0,0,0,0,0,0,0,0.0,0.0,0.0,0.0,0.0,0,0,1,1,1,0,,,,0.0
2026-07-11,Winner Match 93,Winner Match 94,Hard Rock Stadium,Miami Gardens,United States,20:00,UTC-4,Quarter-final,True,Placeholder,2.54,3.81,2.54,0.3937007874015747,0.2624671916010498,0.3937007874015747,0.375,0.25,0.375,0.0,,,,,,,,0.0,0.0,0.0,0.0,0.0,0.0,,,,,,,,,,1,0.0,0,0.375,0.25,1,0,0,0,0.0,0.0,0,0,0,0,0,0,0.0,0.0,0.0,0.0,0.0,0,0,1,1,1,0,,,,0.0
2026-07-11,Winner Match 95,Winner Match 96,GEHA Field at Arrowhead Stadium,Kansas City,United States,21:00,UTC-5,Quarter-final,True,Placeholder,2.54,3.81,2.54,0.3937007874015747,0.2624671916010498,0.3937007874015747,0.375,0.25,0.375,0.0,,,,,,,,0.0,0.0,0.0,0.0,0.0,0.0,,,,,,,,,,1,0.0,0,0.375,0.25,1,0,0,0,0.0,0.0,0,0,0,0,0,0,0.0,0.0,0.0,0.0,0.0,0,0,1,1,1,0,,,,0.0
2026-07-14,Winner Match 97,Winner Match 98,AT&T Stadium,Arlington,United States,15:00,UTC-5,Semi-final,True,Placeholder,2.54,3.81,2.54,0.3937007874015747,0.2624671916010498,0.3937007874015747,0.375,0.25,0.375,0.0,,,,,,,,0.0,0.0,0.0,0.0,0.0,0.0,,,,,,,,,,1,0.0,0,0.375,0.25,1,0,0,0,0.0,0.0,0,0,0,0,0,0,0.0,0.0,0.0,0.0,0.0,0,0,1,1,1,0,,,,0.0
2026-07-15,Winner Match 99,Winner Match 100,Mercedes-Benz Stadium,Atlanta,United States,18:00,UTC-4,Semi-final,True,Placeholder,2.54,3.81,2.54,0.3937007874015747,0.2624671916010498,0.3937007874015747,0.375,0.25,0.375,0.0,,,,,,,,0.0,0.0,0.0,0.0,0.0,0.0,,,,,,,,,,1,0.0,0,0.375,0.25,1,0,0,0,0.0,0.0,0,0,0,0,0,0,0.0,0.0,0.0,0.0,0.0,0,0,1,1,1,0,,,,0.0
2026-07-18,Loser Match 101,Loser Match 102,Hard Rock Stadium,Miami Gardens,United States,20:00,UTC-4,Third-place Playoff,True,Placeholder,2.54,3.81,2.54,0.3937007874015747,0.2624671916010498,0.3937007874015747,0.375,0.25,0.375,0.0,,,,,,,,0.0,0.0,0.0,0.0,0.0,0.0,,,,,,,,,,1,0.0,0,0.375,0.25,1,0,0,0,0.0,0.0,0,0,0,0,0,0,0.0,0.0,0.0,0.0,0.0,0,0,1,1,1,0,,,,0.0
2026-07-19,Winner Match 101,Winner Match 102,MetLife Stadium,East Rutherford,United States,21:00,UTC-4,Final,True,Placeholder,2.54,3.81,2.54,0.3937007874015747,0.2624671916010498,0.3937007874015747,0.375,0.25,0.375,0.0,,,,,,,,0.0,0.0,0.0,0.0,0.0,0.0,,,,,,,,,,1,0.0,0,0.375,0.25,1,0,0,0,0.0,0.0,0,0,0,0,0,0,0.0,0.0,0.0,0.0,0.0,0,0,1,1,1,0,,,,0.0
