date,home_team,away_team,stadium,city,country,kickoff_time_local,timezone,group,is_placeholder_match,match_stage_status,home_win_odds,draw_odds,away_win_odds,home_implied_prob,draw_implied_prob,away_implied_prob,market_home_prob_norm,market_draw_prob_norm,market_away_prob_norm,market_home_edge_vs_away,odds_prob_diff,has_market_odds,home_xg_for_rolling,home_xg_against_rolling,away_xg_for_rolling,away_xg_against_rolling,xg_attack_diff,xg_defense_diff,xg_balance_diff,home_total_unavailable,home_missing_player_value,away_total_unavailable,away_missing_player_value,unavailable_diff,missing_player_value_diff,home_overall_rating,home_attack_rating,home_defense_rating,away_overall_rating,away_attack_rating,away_defense_rating,strength_rating_diff,attack_rating_diff,defense_rating_diff,h2h_matches_played,h2h_wins_diff,h2h_draws,h2h_goals_diff,h2h_avg_goals_diff,home_win_streak,home_unbeaten_streak,away_win_streak,away_unbeaten_streak,win_streak_diff,unbeaten_streak_diff,fifa_rank_diff,fifa_points_zscore_diff,form_score_5_diff,form_score_10_diff,form_trend_diff,is_home_confed,is_away_confed,missing_fifa_rank,missing_fifa_points_zscore,neutral,is_home_country,elo_diff,attack_diff,defense_diff,rest_days_diff,market_favorite,market_favorite_prob,market_draw_prob,has_injury_data,predicted_result,prediction_confidence,model_source,prob_home_win,prob_draw,prob_away_win,confidence_tier
2026-06-11,Mexico,South Africa,Estadio Azteca,Mexico City,Mexico,13:00,UTC-6,J,False,Predictable,1.45,4.28,8.33,0.6896551724137931,0.2336448598130841,0.120048019207683,0.6610020227339725,0.2239376011598738,0.1150603761061536,0.5459416466278189,0.5696071532061101,1,1.45,0.78,1.45,0.82,0.0,0.0399999999999999,0.0399999999999999,0.0,0.0,0.0,0.0,0.0,0.0,1978.75,1.76,1.05,1663.11,1.35,0.95,315.6400000000001,0.4099999999999999,-0.1,4,1,1,5.0,1.25,3,8,1,2,2,6,-42.0,0.8240595676489763,0.3999999999999999,0.133,0.2669999999999998,1,0,0,0,0,1,315.6400000000001,0.4099999999999999,-0.1,0.0,1,0.6610020227339725,0.2239376011598738,1,home_win,0.5876665305934907,original_lr,0.5876665305934907,0.3172161381872848,0.09511733121922443,medium
2026-06-11,South Korea,Czech Republic,Estadio Akron,Zapopan,Mexico,16:00,UTC-6,J,False,Predictable,2.56,3.16,3.0,0.390625,0.3164556962025316,0.3333333333333333,0.3754514923008682,0.3041632342690577,0.3203852734300741,0.055066218870794,0.0572916666666666,1,1.72,1.0,1.95,1.18,-0.2299999999999999,0.1799999999999999,-0.05,0.0,0.0,1.0,9.1,-1.0,-9.1,1879.95,1.78,0.91,1799.54,1.79,1.02,80.41000000000008,-0.01,0.1099999999999999,3,0,1,-4.0,-1.3333333333333333,2,2,2,6,0,-4,-23.0,0.3714039721458864,-0.133,0.0999999999999999,-0.2329999999999999,0,0,0,0,1,0,80.41000000000008,-0.01,0.1099999999999999,0.0,1,0.3754514923008682,0.3041632342690577,1,home_win,0.6758514046669006,ensemble,0.6758514046669006,0.13849040865898132,0.18565824627876282,high
2026-06-12,Canada,Bosnia and Herzegovina,BMO Field,Toronto,Canada,19:00,UTC-4,D,False,Predictable,1.86,3.55,4.51,0.5376344086021505,0.2816901408450704,0.2217294900221729,0.5164327577809245,0.2705816702739492,0.2129855719451263,0.3034471858357981,0.3159049185799775,1,1.54,0.64,1.45,1.5,0.09,0.86,0.95,0.0,0.0,0.0,0.0,0.0,0.0,1897.68,1.3,1.3,1649.23,1.37,1.37,248.45000000000005,-0.07,0.07,0,0,0,0.0,0.0,0,7,0,8,0,-1,-37.0,0.6347713030278517,0.1329999999999999,0.0999999999999999,0.033,1,0,0,0,0,1,248.45000000000005,-0.07,0.07,0.0,1,0.5164327577809245,0.2705816702739492,1,home_win,0.5791293978691101,ensemble,0.5791293978691101,0.3186274468898773,0.10224317759275436,medium
2026-06-12,United States,Paraguay,SoFi Stadium,Inglewood,United States,21:00,UTC-7,B,False,Predictable,2.07,3.21,3.98,0.4830917874396135,0.3115264797507788,0.2512562814070351,0.461902231092118,0.2978621864051975,0.2402355825026844,0.2216666485894335,0.2318355060325784,1,1.63,1.59,1.27,0.96,0.3599999999999999,-0.6300000000000001,-0.2700000000000002,1.0,8.2,0.0,0.0,1.0,8.2,1825.56,1.52,1.33,1916.79,1.28,1.42,-91.23000000000002,0.24,0.0899999999999998,9,3,2,5.0,0.5555555555555556,0,0,1,1,-1,-1,-39.0,0.7778115172047387,0.1999999999999999,0.066,0.1339999999999999,1,0,0,0,0,1,-91.23000000000002,0.24,0.0899999999999998,0.0,1,0.461902231092118,0.2978621864051975,1,draw,0.5108286455015533,original_lr,0.25288464093875657,0.5108286455015533,0.23628671355969014,medium
2026-06-13,Qatar,Switzerland,Levi's Stadium,Santa Clara,United States,13:00,UTC-7,D,False,Predictable,16.5,7.05,1.2,0.0606060606060606,0.1418439716312056,0.8333333333333334,0.0585122938064114,0.136943666355431,0.8045440398381575,-0.746031746031746,-0.7727272727272727,1,1.14,1.72,1.95,1.32,-0.81,-0.3999999999999999,-1.21,0.0,0.0,1.0,8.4,-1.0,-8.4,1565.25,1.41,1.21,1953.55,1.49,1.63,-388.3,-0.08,0.4199999999999999,1,1,0,1.0,1.0,0,1,0,3,0,-2,29.0,-0.5951354536568216,-0.466,-0.4669999999999999,0.0009999999999998,0,0,0,0,1,0,-388.3,-0.08,0.4199999999999999,0.0,2,0.8045440398381575,0.136943666355431,1,away_win,0.7528377633453036,original_lr,0.046914775678964515,0.2002474609757319,0.7528377633453036,high
2026-06-13,Brazil,Morocco,MetLife Stadium,East Rutherford,United States,16:00,UTC-4,E,False,Predictable,1.7,3.69,5.5,0.5882352941176471,0.2710027100271003,0.1818181818181818,0.5650370287877944,0.26031516231416,0.1746478088980455,0.3903892198897488,0.4064171122994652,1,1.86,1.05,2.0,0.46,-0.1399999999999999,-0.5900000000000001,-0.73,1.0,9.5,0.0,0.0,1.0,9.5,2067.07,2.18,0.9,1984.21,1.48,0.8,82.86000000000013,0.7000000000000002,-0.0999999999999999,3,1,0,4.0,1.3333333333333333,3,3,0,38,3,-35,-9.0,0.358179569999473,-0.1999999999999999,-0.167,-0.0329999999999999,0,0,0,0,1,0,82.86000000000013,0.7000000000000002,-0.0999999999999999,0.0,1,0.5650370287877944,0.26031516231416,1,home_win,0.6978135704994202,ensemble,0.6978135704994202,0.15062472224235535,0.1515616774559021,high
2026-06-13,Haiti,Scotland,Gillette Stadium,Foxborough,United States,19:00,UTC-4,E,False,Predictable,5.38,4.25,1.61,0.1858736059479554,0.2352941176470588,0.6211180124223602,0.1783326774270054,0.2257481893075975,0.5959191332653971,-0.4175864558383916,-0.4352444064744047,1,2.17,1.18,1.68,1.23,0.49,0.05,0.54,0.0,0.0,0.0,0.0,0.0,0.0,1706.83,1.64,1.35,1841.92,1.71,1.23,-135.09000000000017,-0.07,-0.1200000000000001,0,0,0,0.0,0.0,0,0,2,2,-2,-2,34.0,-0.6843441325427986,0.267,-0.133,0.3999999999999999,1,0,0,0,1,0,-135.09000000000017,-0.07,-0.1200000000000001,0.0,2,0.5959191332653971,0.2257481893075975,1,away_win,0.551590067328126,original_lr,0.09922921802820626,0.34918071464366773,0.551590067328126,medium
2026-06-13,Australia,Turkey,BC Place,Vancouver,Canada,21:00,UTC-7,B,False,Predictable,5.14,3.71,1.73,0.1945525291828793,0.2695417789757412,0.5780346820809249,0.1866875703536077,0.2586453131044592,0.554667116541933,-0.3679795461883252,-0.3834821528980455,1,1.45,0.92,2.04,1.14,-0.5900000000000001,0.2199999999999998,-0.3700000000000002,0.0,0.0,0.0,0.0,0.0,0.0,1900.1,2.01,1.07,1966.93,1.4,1.41,-66.83000000000015,0.6099999999999999,0.3399999999999998,2,-2,0,-3.0,-1.5,0,1,4,8,-4,-7,-1.0,0.0215923854255,-0.4669999999999999,-0.133,-0.3339999999999999,0,0,0,0,1,0,-66.83000000000015,0.6099999999999999,0.3399999999999998,0.0,2,0.554667116541933,0.2586453131044592,1,away_win,0.6849469542503357,ensemble,0.1768675446510315,0.1381855458021164,0.6849469542503357,high
2026-06-14,Germany,Curaçao,NRG Stadium,Houston,United States,13:00,UTC-5,I,False,Predictable,1.05,17.13,34.75,0.9523809523809524,0.0583771161704611,0.0287769784172661,0.916160503831139,0.0561569485710855,0.0276825475977754,0.8884779562333636,0.923603973963686,1,2.49,1.05,1.95,1.1,0.5400000000000003,0.05,0.5900000000000003,1.0,8.2,0.0,0.0,1.0,8.2,2001.8,2.25,1.16,1606.04,1.65,1.58,395.76,0.6000000000000001,0.4200000000000001,0,0,0,0.0,0.0,9,9,1,1,8,8,-75.0,1.6093798555639658,0.733,0.4,0.3329999999999999,0,1,0,0,1,0,395.76,0.6000000000000001,0.4200000000000001,0.0,1,0.916160503831139,0.0561569485710855,1,home_win,0.75020648982375,original_lr,0.75020648982375,0.1759404776701195,0.07385303250613044,high
2026-06-14,Ivory Coast,Ecuador,Lincoln Financial Field,Philadelphia,United States,16:00,UTC-4,I,False,Predictable,3.26,2.94,2.52,0.3067484662576687,0.3401360544217687,0.3968253968253968,0.2939020326557814,0.3258913695434855,0.3802065978007331,-0.0863045651449516,-0.090076930567728,1,1.77,0.6,1.05,0.46,0.72,-0.1399999999999999,0.5800000000000001,0.0,0.0,0.0,0.0,0.0,0.0,1814.62,1.64,1.0,2026.06,1.21,1.53,-211.44000000000003,0.4299999999999999,0.53,0,0,0,0.0,0.0,3,3,2,19,1,-16,6.0,-0.0982864464610575,0.2,0.1999999999999999,9.714451465470121e-17,0,0,0,0,1,0,-211.44000000000003,0.4299999999999999,0.53,0.0,2,0.3802065978007331,0.3258913695434855,1,home_win,0.4614531993865967,ensemble,0.4614531993865967,0.2398289293050766,0.2987179160118103,low
2026-06-14,Netherlands,Japan,AT&T Stadium,Arlington,United States,19:00,UTC-5,L,False,Predictable,2.03,3.45,3.81,0.4926108374384237,0.2898550724637681,0.2624671916010498,0.4714281103065386,0.2773910330209487,0.2511808566725126,0.2202472536340259,0.2301436458373738,1,2.4,1.05,2.31,0.56,0.0899999999999998,-0.49,-0.4000000000000001,2.0,17.7,0.0,0.0,2.0,17.7,2008.12,2.09,1.22,1992.16,1.83,1.15,15.959999999999807,0.2599999999999998,-0.07,3,2,1,4.0,1.3333333333333333,1,1,6,7,-5,-6,-9.0,0.4495923159098522,-0.4669999999999999,0.0329999999999999,-0.4999999999999998,0,0,0,0,1,0,15.959999999999807,0.2599999999999998,-0.07,0.0,1,0.4714281103065386,0.2773910330209487,1,draw,0.48034003600486547,original_lr,0.23916095860545106,0.48034003600486547,0.2804990053896834,low
2026-06-14,Sweden,Tunisia,Estadio BBVA,Guadalupe,Mexico,21:00,UTC-6,L,False,Predictable,1.91,3.39,4.38,0.5235602094240838,0.2949852507374631,0.228310502283105,0.5001263098329678,0.2817820801713771,0.2180916099956549,0.2820346998373129,0.2952497071409787,1,2.08,1.45,1.63,1.1,0.4500000000000002,-0.3499999999999998,0.1000000000000003,0.0,0.0,0.0,0.0,0.0,0.0,1768.22,1.97,1.29,1737.82,1.44,1.02,30.40000000000009,0.53,-0.27,4,1,1,1.0,0.25,0,1,0,0,0,1,-8.0,0.0871166830662053,0.067,-0.066,0.1329999999999999,0,0,0,0,1,0,30.40000000000009,0.53,-0.27,0.0,1,0.5001263098329678,0.2817820801713771,1,home_win,0.5424994826316833,ensemble,0.5424994826316833,0.19630542397499084,0.2611950933933258,medium
2026-06-15,Saudi Arabia,Uruguay,Hard Rock Stadium,Miami Gardens,United States,21:00,UTC-4,F,False,Predictable,7.89,4.28,1.46,0.1267427122940431,0.2336448598130841,0.684931506849315,0.1212478704785262,0.223515350017657,0.6552367795038165,-0.5339889090252903,-0.5581887945552719,1,1.1,1.18,0.92,0.92,0.18,-0.2599999999999999,-0.0799999999999998,0.0,0.0,1.0,9.3,-1.0,-9.3,1692.26,1.54,1.05,1973.7,1.58,1.21,-281.44000000000005,-0.04,0.1599999999999999,3,0,1,0.0,0.0,0,2,0,2,0,0,45.0,-1.0018418552613544,-0.333,-0.133,-0.2,0,0,0,0,1,0,-281.44000000000005,-0.04,0.1599999999999999,0.0,2,0.6552367795038165,0.223515350017657,1,away_win,0.6348453810179574,original_lr,0.06724882715781755,0.2979057918242251,0.6348453810179574,medium
2026-06-15,Spain,Cape Verde,Mercedes-Benz Stadium,Atlanta,United States,19:00,UTC-4,F,False,Predictable,1.08,12.35,30.67,0.9259259259259258,0.0809716599190283,0.032605151613955,0.8907392857755961,0.0778946096062869,0.0313661046181168,0.8593731811574793,0.8933207743119708,1,2.53,1.0,1.36,1.0,1.1699999999999997,0.0,1.1699999999999997,1.0,9.0,0.0,0.0,1.0,9.0,2216.28,2.05,0.9,1653.28,1.1,1.13,563.0000000000002,0.9499999999999996,0.2299999999999998,0,0,0,0.0,0.0,1,30,0,0,1,30,-62.0,1.7081519439117554,0.1999999999999999,0.166,0.0339999999999998,0,0,0,0,1,0,563.0000000000002,0.9499999999999996,0.2299999999999998,0.0,1,0.8907392857755961,0.0778946096062869,1,home_win,0.7872848676205291,original_lr,0.7872848676205291,0.15580801562682012,0.05690711675265088,high
2026-06-15,Belgium,Egypt,Lumen Field,Seattle,United States,13:00,UTC-7,C,False,Predictable,1.6,3.99,5.89,0.625,0.2506265664160401,0.1697792869269949,0.5978539320411813,0.2397409251292957,0.1624051428295229,0.4354487892116583,0.455220713073005,1,2.49,1.14,1.23,0.82,1.2600000000000002,-0.3199999999999999,0.9400000000000004,0.0,0.0,0.0,0.0,0.0,0.0,1954.39,1.82,1.51,1810.1,1.62,1.01,144.2900000000002,0.1999999999999999,-0.5,4,-2,0,-3.0,-0.75,2,13,0,0,2,13,-25.0,0.943265972307749,0.1999999999999999,0.1,0.0999999999999999,0,0,0,0,1,0,144.2900000000002,0.1999999999999999,-0.5,0.0,1,0.5978539320411813,0.2397409251292957,1,draw,0.6131985783576965,ensemble,0.28335097432136536,0.6131985783576965,0.10345045477151871,medium
2026-06-15,Iran,New Zealand,SoFi Stadium,Inglewood,United States,16:00,UTC-7,C,False,Predictable,1.92,3.29,4.47,0.5208333333333334,0.303951367781155,0.2237136465324385,0.4967421593960581,0.289892080863353,0.2133657597405887,0.2833763996554694,0.2971196868008948,1,1.82,0.82,2.08,1.27,-0.26,0.45,0.19,0.0,0.0,0.0,0.0,0.0,0.0,1895.96,1.89,0.79,1722.05,1.75,1.5,173.91000000000008,0.1399999999999999,0.71,2,1,1,3.0,1.5,3,3,0,0,3,3,-76.0,1.4040280516124537,0.333,0.367,-0.034,0,0,0,0,1,0,173.91000000000008,0.1399999999999999,0.71,0.0,1,0.4967421593960581,0.289892080863353,1,home_win,0.7392915487289429,ensemble,0.7392915487289429,0.11518655717372894,0.14552190899848938,high
2026-06-16,France,Senegal,MetLife Stadium,East Rutherford,United States,13:00,UTC-4,K,False,Predictable,1.47,4.34,7.03,0.6802721088435374,0.2304147465437788,0.1422475106685632,0.6460726620517914,0.2188310629530261,0.1350962749951825,0.5109763870566089,0.5380245981749741,1,2.17,1.14,2.26,0.82,-0.0899999999999998,-0.3199999999999999,-0.4099999999999998,2.0,17.3,0.0,0.0,2.0,17.3,2122.31,1.83,1.29,1913.14,1.38,0.94,209.16999999999985,0.4500000000000002,-0.3500000000000001,2,-2,0,-3.0,-1.5,1,1,0,1,1,0,-19.0,0.8631350609968538,0.2,0.0999999999999999,0.1000000000000001,0,0,0,0,1,0,209.16999999999985,0.4500000000000002,-0.3500000000000001,0.0,1,0.6460726620517914,0.2188310629530261,1,home_win,0.7135334610939026,ensemble,0.7135334610939026,0.16462442278862,0.1218421459197998,high
2026-06-16,Iraq,Norway,Gillette Stadium,Foxborough,United States,16:00,UTC-4,K,False,Predictable,15.28,7.14,1.19,0.0654450261780104,0.1400560224089636,0.8403361344537815,0.0625766871165644,0.1339176161262051,0.8035056967572305,-0.7409290096406661,-0.774891108275771,1,1.05,1.14,2.8,0.92,-1.7499999999999998,-0.2199999999999998,-1.97,0.0,0.0,0.0,0.0,0.0,0.0,1737.26,1.53,0.93,1969.03,1.55,1.62,-231.77,-0.02,0.6900000000000001,0,0,0,0.0,0.0,0,0,0,3,0,-3,8.0,-0.1354567293302137,-0.2,-0.167,-0.033,0,0,0,0,1,0,-231.77,-0.02,0.6900000000000001,0.0,2,0.8035056967572305,0.1339176161262051,1,away_win,0.7331303142383021,original_lr,0.05268009093190121,0.2141895948297967,0.7331303142383021,high
2026-06-16,Argentina,Algeria,GEHA Field at Arrowhead Stadium,Kansas City,United States,19:00,UTC-5,A,False,Predictable,1.39,4.55,8.77,0.7194244604316548,0.2197802197802197,0.1140250855188141,0.6830650669396405,0.2086726248452967,0.1082623082150627,0.5748027587245778,0.6053993749128406,1,2.17,0.56,2.13,0.69,0.04,0.1299999999999999,0.1699999999999999,0.0,0.0,0.0,0.0,0.0,0.0,2188.03,1.9,1.01,1884.2,1.54,0.99,303.8300000000001,0.3599999999999999,-0.02,1,1,0,1.0,1.0,7,7,2,4,5,3,-40.0,1.5054524918031675,0.3329999999999999,0.0659999999999999,0.2669999999999999,0,0,0,0,1,0,303.8300000000001,0.3599999999999999,-0.02,0.0,1,0.6830650669396405,0.2086726248452967,1,home_win,0.7765920758247375,ensemble,0.7765920758247375,0.17989510297775269,0.043512772768735886,high
2026-06-16,Austria,Jordan,Levi's Stadium,Santa Clara,United States,21:00,UTC-7,A,False,Predictable,1.33,5.26,8.91,0.7518796992481203,0.1901140684410646,0.1122334455667789,0.7132046012414647,0.1803350037359597,0.1064603950225755,0.6067442062188891,0.6396462536813413,1,2.17,0.82,1.5,1.5,0.6699999999999999,0.68,1.35,2.0,17.8,0.0,0.0,2.0,17.8,1887.6,1.79,1.53,1774.58,1.28,1.12,113.01999999999998,0.51,-0.4099999999999999,0,0,0,0.0,0.0,3,5,0,0,3,5,-46.0,0.7577881286440665,0.334,0.266,0.068,0,0,0,0,1,0,113.01999999999998,0.51,-0.4099999999999999,0.0,1,0.7132046012414647,0.1803350037359597,1,home_win,0.518266459341661,original_lr,0.518266459341661,0.33088284598989975,0.1508506946684392,medium
2026-06-17,Portugal,DR Congo,NRG Stadium,Houston,United States,13:00,UTC-5,G,False,Predictable,1.29,5.52,10.57,0.7751937984496123,0.1811594202898551,0.0946073793755913,0.7376050061628899,0.1723750829619797,0.0900199108751303,0.6475850952877595,0.6805864190740211,1,2.31,1.05,1.36,0.74,0.95,-0.31,0.6399999999999999,0.0,0.0,0.0,0.0,0.0,0.0,2043.59,1.77,1.12,1763.27,1.49,1.2,280.31999999999994,0.28,0.0799999999999998,0,0,0,0.0,0.0,3,5,0,0,3,5,-50.0,1.252320997610799,0.0,0.0,0.0,0,0,0,0,1,0,280.31999999999994,0.28,0.0799999999999998,0.0,1,0.7376050061628899,0.1723750829619797,1,home_win,0.9391228556632996,ensemble,0.9391228556632996,0.040434665977954865,0.02044246532022953,high
2026-06-17,Uzbekistan,Colombia,Estadio Azteca,Mexico City,Mexico,16:00,UTC-6,G,False,Predictable,8.67,4.62,1.38,0.1153402537485582,0.2164502164502164,0.7246376811594204,0.1091794587263423,0.2048887244929412,0.6859318167807164,-0.576752358054374,-0.6092974274108621,1,1.27,0.87,1.86,1.14,-0.5900000000000001,0.2699999999999999,-0.3200000000000002,0.0,0.0,0.0,0.0,0.0,0.0,1819.55,1.73,1.11,2062.07,1.29,1.15,-242.5200000000002,0.4399999999999999,0.0399999999999998,0,0,0,0.0,0.0,0,0,2,2,-2,-2,51.0,-1.2165702833336305,-0.1999999999999999,-0.134,-0.066,0,0,0,0,1,0,-242.5200000000002,0.4399999999999999,0.0399999999999998,0.0,2,0.6859318167807164,0.2048887244929412,1,away_win,0.6541832079073006,original_lr,0.06547192099290504,0.28034487109979445,0.6541832079073006,high
2026-06-17,England,Croatia,AT&T Stadium,Arlington,United States,19:00,UTC-5,H,False,Predictable,1.73,3.73,4.89,0.5780346820809249,0.2680965147453083,0.2044989775051124,0.5501790222699481,0.2551768655568391,0.1946441121732127,0.3555349100967354,0.3735357045758124,1,2.26,0.51,2.0,1.1,0.2599999999999998,0.5900000000000001,0.8499999999999999,2.0,15.8,0.0,0.0,2.0,15.8,2088.22,2.18,0.96,1966.92,1.74,1.01,121.29999999999971,0.4400000000000001,0.05,11,3,2,9.0,0.8181818181818182,2,2,1,1,1,1,-8.0,0.4396179786977268,0.067,0.0,0.0670000000000001,0,0,0,0,1,0,121.29999999999971,0.4400000000000001,0.05,0.0,1,0.5501790222699481,0.2551768655568391,1,home_win,0.4807071387767792,ensemble,0.4807071387767792,0.23473788797855377,0.28455492854118347,low
2026-06-17,Ghana,Panama,BMO Field,Toronto,Canada,21:00,UTC-4,H,False,Predictable,2.17,3.38,3.41,0.4608294930875576,0.2958579881656805,0.2932551319648093,0.4389092196907095,0.2817849132333845,0.279305867075906,0.1596033526148035,0.1675743611227482,1,1.36,1.18,1.82,1.18,-0.4599999999999999,0.0,-0.4599999999999999,0.0,0.0,0.0,0.0,0.0,0.0,1625.02,1.57,1.04,1853.61,1.26,1.53,-228.58999999999992,0.31,0.49,0,0,0,0.0,0.0,0,1,0,2,0,-1,33.0,-0.5309186534034741,-0.467,-0.1669999999999999,-0.3000000000000001,0,1,0,0,1,0,-228.58999999999992,0.31,0.49,0.0,1,0.4389092196907095,0.2817849132333845,1,home_win,0.5214738845825195,ensemble,0.5214738845825195,0.21143275499343872,0.26709339022636414,medium
2026-06-18,Canada,Qatar,BC Place,Vancouver,Canada,21:00,UTC-7,D,False,Predictable,1.28,5.54,11.16,0.78125,0.1805054151624548,0.089605734767025,0.7430843341057469,0.1716873551724469,0.0852283107218061,0.6578560233839408,0.691644265232975,1,1.54,0.64,1.14,1.72,0.4000000000000001,1.08,1.4800000000000002,0.0,0.0,0.0,0.0,0.0,0.0,1897.68,1.3,1.3,1565.25,1.41,1.21,332.43000000000006,-0.1099999999999998,-0.09,1,1,0,2.0,2.0,0,7,0,1,0,6,-6.0,0.0770302746494482,0.5329999999999999,0.3339999999999999,0.199,1,0,0,0,0,1,332.43000000000006,-0.1099999999999998,-0.09,0.0,1,0.7430843341057469,0.1716873551724469,1,home_win,0.9505992531776428,ensemble,0.9505992531776428,0.03640004247426987,0.013000637292861938,high
2026-06-18,Switzerland,Bosnia and Herzegovina,SoFi Stadium,Inglewood,United States,19:00,UTC-7,D,False,Predictable,1.58,4.0,5.82,0.6329113924050632,0.25,0.1718213058419244,0.6000680489540051,0.237026879336832,0.1629050717091629,0.4371629772448422,0.4610900865631388,1,1.95,1.32,1.45,1.5,0.5,0.1799999999999999,0.6799999999999999,1.0,8.4,0.0,0.0,1.0,8.4,1953.55,1.49,1.63,1649.23,1.37,1.37,304.31999999999994,0.1199999999999998,-0.2599999999999998,1,-1,0,-2.0,-2.0,0,3,0,8,0,-5,-60.0,1.152876482035225,0.066,0.2329999999999999,-0.1669999999999999,0,0,0,0,1,0,304.31999999999994,0.1199999999999998,-0.2599999999999998,0.0,1,0.6000680489540051,0.237026879336832,1,draw,0.5700762867927551,ensemble,0.30415958166122437,0.5700762867927551,0.12576407194137573,medium
2026-06-18,Czech Republic,South Africa,Mercedes-Benz Stadium,Atlanta,United States,13:00,UTC-4,J,False,Predictable,1.77,3.72,4.56,0.5649717514124294,0.2688172043010752,0.2192982456140351,0.5364909484230901,0.2552658544916316,0.2082431970852784,0.3282477513378117,0.3456735057983943,1,1.95,1.18,1.45,0.82,0.5,-0.36,0.14,1.0,9.1,0.0,0.0,1.0,9.1,1799.54,1.79,1.02,1663.11,1.35,0.95,136.43000000000006,0.4399999999999999,-0.07,1,0,1,0.0,0.0,2,6,1,2,1,4,-13.0,0.2171192804377285,0.3999999999999999,0.033,0.3669999999999997,0,0,0,0,1,0,136.43000000000006,0.4399999999999999,-0.07,0.0,1,0.5364909484230901,0.2552658544916316,1,home_win,0.5094432830810547,ensemble,0.5094432830810547,0.2880919575691223,0.202464759349823,medium
2026-06-18,Mexico,South Korea,Estadio Akron,Zapopan,Mexico,16:00,UTC-6,J,False,Predictable,1.98,3.28,4.1,0.5050505050505051,0.3048780487804878,0.2439024390243902,0.4792518994739919,0.2893045002922267,0.2314436002337814,0.2478082992402104,0.2611480660261148,1,1.45,0.78,1.72,1.0,-0.27,0.2199999999999999,-0.05,0.0,0.0,0.0,0.0,0.0,0.0,1978.75,1.76,1.05,1879.95,1.78,0.91,98.79999999999995,-0.02,-0.14,14,5,3,13.0,0.9285714285714286,3,8,2,2,1,6,-6.0,0.2355363150653613,0.133,0.0,0.1329999999999999,1,0,0,0,0,1,98.79999999999995,-0.02,-0.14,0.0,1,0.4792518994739919,0.2893045002922267,1,home_win,0.7123766541481018,ensemble,0.7123766541481018,0.17543548345565796,0.11218783259391785,high
2026-06-19,Scotland,Morocco,Gillette Stadium,Foxborough,United States,13:00,UTC-4,E,False,Predictable,4.94,3.56,1.76,0.2024291497975708,0.2808988764044944,0.5681818181818182,0.1925128432023203,0.267138608263894,0.5403485485337856,-0.3478357053314652,-0.3657526683842473,1,1.68,1.23,2.0,0.46,-0.32,-0.77,-1.09,0.0,0.0,0.0,0.0,0.0,0.0,1841.92,1.71,1.23,1984.21,1.48,0.8,-142.28999999999996,0.2299999999999999,-0.4299999999999999,1,-1,0,-3.0,-3.0,2,2,0,38,2,-36,38.0,-0.8008981853586471,-0.4669999999999999,-0.167,-0.2999999999999998,0,0,0,0,1,0,-142.28999999999996,0.2299999999999999,-0.4299999999999999,0.0,2,0.5403485485337856,0.267138608263894,1,away_win,0.7828894257545471,ensemble,0.1327371746301651,0.08437337726354599,0.7828894257545471,high
2026-06-19,Brazil,Haiti,Lincoln Financial Field,Philadelphia,United States,16:00,UTC-4,E,False,Predictable,1.11,10.23,21.29,0.9009009009009008,0.0977517106549364,0.0469704086425551,0.861592451101514,0.0934865709406334,0.0449209779578525,0.8166714731436614,0.8539304922583456,1,1.86,1.05,2.17,1.18,-0.3099999999999998,0.1299999999999999,-0.1799999999999999,1.0,9.5,0.0,0.0,1.0,9.5,2067.07,2.18,0.9,1706.83,1.64,1.35,360.24000000000024,0.5400000000000003,0.45,3,3,0,16.0,5.333333333333333,3,3,0,0,3,3,-81.0,1.8434218879009183,0.0,0.133,-0.133,0,1,0,0,1,0,360.24000000000024,0.5400000000000003,0.45,0.0,1,0.861592451101514,0.0934865709406334,1,home_win,0.712177555281903,original_lr,0.712177555281903,0.20306850249896036,0.0847539422191367,high
2026-06-19,United States,Australia,Lumen Field,Seattle,United States,19:00,UTC-7,B,False,Predictable,1.62,4.06,5.25,0.6172839506172839,0.2463054187192118,0.1904761904761904,0.58562197092084,0.2336718209093007,0.1807062081698592,0.4049157627509808,0.4268077601410934,1,1.63,1.59,1.45,0.92,0.1799999999999999,-0.67,-0.4900000000000001,1.0,8.2,0.0,0.0,1.0,8.2,1825.56,1.52,1.33,1900.1,2.01,1.07,-74.53999999999996,-0.4899999999999997,-0.26,4,1,1,2.0,0.5,0,0,0,1,0,-1,-7.0,0.3283312724995177,0.1999999999999999,-0.0669999999999999,0.2669999999999998,1,0,0,0,0,1,-74.53999999999996,-0.4899999999999997,-0.26,0.0,1,0.58562197092084,0.2336718209093007,1,away_win,0.38005366921424866,ensemble,0.3737598955631256,0.24618639051914215,0.38005366921424866,low
2026-06-19,Turkey,Paraguay,Levi's Stadium,Santa Clara,United States,21:00,UTC-7,B,False,Predictable,2.03,3.3,3.84,0.4926108374384237,0.303030303030303,0.2604166666666667,0.466462000574243,0.2869448064138525,0.2465931930119045,0.2198688075623385,0.232194170771757,1,2.04,1.14,1.27,0.96,0.77,-0.1799999999999999,0.5900000000000001,0.0,0.0,0.0,0.0,0.0,0.0,1966.93,1.4,1.41,1916.79,1.28,1.42,50.1400000000001,0.1199999999999998,0.01,0,0,0,0.0,0.0,4,8,1,1,3,7,-31.0,0.4278878592797209,0.4669999999999999,0.2659999999999999,0.201,0,0,0,0,1,0,50.1400000000001,0.1199999999999998,0.01,0.0,1,0.466462000574243,0.2869448064138525,1,home_win,0.528719425201416,ensemble,0.528719425201416,0.19770796597003937,0.2735725939273834,medium
2026-06-20,Germany,Ivory Coast,BMO Field,Toronto,Canada,13:00,UTC-4,I,False,Predictable,1.55,4.31,5.61,0.6451612903225806,0.2320185614849188,0.17825311942959,0.6112764220037364,0.2198325879595804,0.1688909900366829,0.4423854319670535,0.4669081708929906,1,2.49,1.05,1.77,0.6,0.7200000000000002,-0.45,0.2700000000000001,1.0,8.2,0.0,0.0,1.0,8.2,2001.8,2.25,1.16,1814.62,1.64,1.0,187.1800000000001,0.6100000000000001,-0.1599999999999999,1,0,1,0.0,0.0,9,9,3,3,6,6,-20.0,0.6838958477242765,0.1999999999999999,0.067,0.1329999999999999,0,0,0,0,1,0,187.1800000000001,0.6100000000000001,-0.1599999999999999,0.0,1,0.6112764220037364,0.2198325879595804,1,home_win,0.47040119767189026,ensemble,0.47040119767189026,0.278616726398468,0.25098204612731934,low
2026-06-20,Ecuador,Curaçao,GEHA Field at Arrowhead Stadium,Kansas City,United States,16:00,UTC-5,I,False,Predictable,1.1,9.93,25.34,0.9090909090909092,0.1007049345417925,0.0394632991318074,0.8664121874560985,0.0959771808863754,0.0376106316575259,0.8288015557985725,0.8696276099591016,1,1.05,0.46,1.95,1.1,-0.8999999999999999,0.6400000000000001,-0.2599999999999998,0.0,0.0,0.0,0.0,0.0,0.0,2026.06,1.21,1.53,1606.04,1.65,1.58,420.02,-0.4399999999999999,0.05,0,0,0,0.0,0.0,2,19,1,1,1,18,-61.0,1.0237704543007469,0.3329999999999999,0.133,0.1999999999999999,0,1,0,0,1,0,420.02,-0.4399999999999999,0.05,0.0,1,0.8664121874560985,0.0959771808863754,1,home_win,0.7438428388011458,original_lr,0.7438428388011458,0.18523686501307218,0.07092029618578202,high
2026-06-20,Netherlands,Sweden,NRG Stadium,Houston,United States,19:00,UTC-5,L,False,Predictable,1.68,3.91,4.91,0.5952380952380952,0.2557544757033248,0.2036659877800407,0.5643893849016778,0.2424997868631249,0.1931108282351972,0.3712785566664805,0.3915721074580545,1,2.4,1.05,2.08,1.45,0.3199999999999998,0.3999999999999999,0.7199999999999998,2.0,17.7,0.0,0.0,2.0,17.7,2008.12,2.09,1.22,1768.22,1.97,1.29,239.89999999999984,0.1199999999999998,0.07,25,3,6,-1.0,-0.04,1,1,0,1,1,0,-21.0,0.865824769907988,0.066,0.3329999999999999,-0.2669999999999999,0,0,0,0,1,0,239.89999999999984,0.1199999999999998,0.07,0.0,1,0.5643893849016778,0.2424997868631249,1,home_win,0.42346805334091187,ensemble,0.42346805334091187,0.28501641750335693,0.2915155589580536,low
2026-06-20,Tunisia,Japan,Estadio BBVA,Guadalupe,Mexico,21:00,UTC-6,L,False,Predictable,6.86,3.99,1.52,0.1457725947521865,0.2506265664160401,0.6578947368421053,0.1382656155245603,0.2377198302001212,0.6240145542753184,-0.4857489387507581,-0.5121221420899187,1,1.63,1.1,2.31,0.56,-0.6800000000000002,-0.54,-1.2200000000000002,0.0,0.0,0.0,0.0,0.0,0.0,1737.82,1.44,1.02,1992.16,1.83,1.15,-254.3400000000001,-0.3900000000000001,0.1299999999999999,5,-3,0,-3.0,-0.6,0,0,6,7,-6,-7,20.0,-0.503349137064341,-0.6,-0.234,-0.3659999999999998,0,0,0,0,1,0,-254.3400000000001,-0.3900000000000001,0.1299999999999999,0.0,2,0.6240145542753184,0.2377198302001212,1,away_win,0.6000327813567731,original_lr,0.07466043768992917,0.3253067809532978,0.6000327813567731,medium
2026-06-21,Spain,Saudi Arabia,Mercedes-Benz Stadium,Atlanta,United States,19:00,UTC-4,F,False,Predictable,1.1,9.68,24.49,0.9090909090909092,0.1033057851239669,0.0408329930583911,0.8631459216122906,0.0980847638195785,0.0387693145681306,0.8243766070441599,0.8682579160325179,1,2.53,1.0,1.1,1.18,1.4299999999999995,0.1799999999999999,1.6099999999999997,1.0,9.0,0.0,0.0,1.0,9.0,2216.28,2.05,0.9,1692.26,1.54,1.05,524.0200000000002,0.5099999999999998,0.15,3,3,0,7.0,2.333333333333333,1,30,0,2,1,28,-53.0,1.5064611326448432,0.3999999999999999,0.3329999999999999,0.067,0,0,0,0,1,0,524.0200000000002,0.5099999999999998,0.15,0.0,1,0.8631459216122906,0.0980847638195785,1,home_win,0.7640604494656925,original_lr,0.7640604494656925,0.1727885390564352,0.06315101147787226,high
2026-06-21,Uruguay,Cape Verde,Hard Rock Stadium,Miami Gardens,United States,21:00,UTC-4,F,False,Predictable,1.43,4.4,7.34,0.6993006993006994,0.2272727272727272,0.1362397820163488,0.657971404240061,0.2138407063780197,0.1281878893819192,0.5297835148581418,0.5630609172843506,1,0.92,0.92,1.36,1.0,-0.44,0.0799999999999999,-0.3600000000000001,1.0,9.3,0.0,0.0,1.0,9.3,1973.7,1.58,1.21,1653.28,1.1,1.13,320.4200000000001,0.48,-0.08,0,0,0,0.0,0.0,0,2,0,0,0,2,-54.0,1.2035326665282668,0.133,-0.0339999999999999,0.1669999999999999,0,0,0,0,1,0,320.4200000000001,0.48,-0.08,0.0,1,0.657971404240061,0.2138407063780197,1,home_win,0.7447317838668823,ensemble,0.7447317838668823,0.21289004385471344,0.04237814247608185,high
2026-06-21,New Zealand,Egypt,BC Place,Vancouver,Canada,16:00,UTC-7,C,False,Predictable,4.7,3.65,1.74,0.2127659574468085,0.273972602739726,0.5747126436781609,0.2004481757353869,0.2581113495770736,0.5414404746875395,-0.3409922989521525,-0.3619466862313524,1,2.08,1.27,1.23,0.82,0.8500000000000001,-0.45,0.4,0.0,0.0,0.0,0.0,0.0,0.0,1722.05,1.75,1.5,1810.1,1.62,1.01,-88.04999999999995,0.1299999999999999,-0.49,3,-2,1,-2.0,-0.6666666666666666,0,0,0,0,0,0,64.0,-1.0032614238533435,-0.333,-0.567,0.2339999999999999,0,0,0,0,1,0,-88.04999999999995,0.1299999999999999,-0.49,0.0,2,0.5414404746875395,0.2581113495770736,1,away_win,0.6786233186721802,ensemble,0.16574084758758545,0.15563586354255676,0.6786233186721802,high
2026-06-21,Belgium,Iran,SoFi Stadium,Inglewood,United States,13:00,UTC-7,C,False,Predictable,1.4,4.62,7.75,0.7142857142857143,0.2164502164502164,0.1290322580645161,0.6740018447753328,0.2042429832652523,0.1217551719594149,0.5522466728159179,0.5852534562211982,1,2.49,1.14,1.82,0.82,0.6700000000000002,-0.3199999999999999,0.3500000000000002,0.0,0.0,0.0,0.0,0.0,0.0,1954.39,1.82,1.51,1895.96,1.89,0.79,58.430000000000064,-0.0699999999999998,-0.72,0,0,0,0.0,0.0,2,13,3,3,-1,10,-13.0,0.542499344548639,0.1999999999999999,0.3,-0.1,0,0,0,0,1,0,58.430000000000064,-0.0699999999999998,-0.72,0.0,1,0.6740018447753328,0.2042429832652523,1,home_win,0.5449046492576599,ensemble,0.5449046492576599,0.31256550550460815,0.14252980053424835,medium
2026-06-22,France,Iraq,Lincoln Financial Field,Philadelphia,United States,13:00,UTC-4,K,False,Predictable,1.11,8.73,23.79,0.9009009009009008,0.1145475372279496,0.0420344682639764,0.8519295162641995,0.1083209350576473,0.039749548678153,0.8121799675860465,0.8588664326369243,1,2.17,1.14,1.05,1.14,1.12,0.0,1.12,2.0,17.3,0.0,0.0,2.0,17.3,2122.31,1.83,1.29,1737.26,1.53,0.93,385.05,0.3,-0.36,0,0,0,0.0,0.0,1,1,0,0,1,1,-53.0,1.554128751681068,0.333,0.2329999999999999,0.1,0,0,0,0,1,0,385.05,0.3,-0.36,0.0,1,0.8519295162641995,0.1083209350576473,1,home_win,0.732067698540421,original_lr,0.732067698540421,0.19399438401074778,0.07393791744883126,high
2026-06-22,Norway,Senegal,MetLife Stadium,East Rutherford,United States,16:00,UTC-4,K,False,Predictable,2.11,3.41,3.33,0.4739336492890995,0.2932551319648093,0.3003003003003003,0.4439704887651651,0.2747148772124628,0.2813146340223719,0.1626558547427932,0.1736333489887992,1,2.8,0.92,2.26,0.82,0.54,-0.1,0.4399999999999999,0.0,0.0,0.0,0.0,0.0,0.0,1969.03,1.55,1.62,1913.14,1.38,0.94,55.88999999999987,0.1700000000000001,-0.6800000000000002,1,-1,0,-1.0,-1.0,0,3,0,1,0,2,26.0,-0.5555369613540007,0.067,0.034,0.0330000000000001,0,0,0,0,1,0,55.88999999999987,0.1700000000000001,-0.6800000000000002,0.0,1,0.4439704887651651,0.2747148772124628,1,draw,0.6150224804878235,ensemble,0.23489587008953094,0.6150224804878235,0.15008161962032318,medium
2026-06-22,Argentina,Austria,AT&T Stadium,Arlington,United States,19:00,UTC-5,A,False,Predictable,1.61,3.76,5.5,0.6211180124223602,0.2659574468085106,0.1818181818181818,0.5810849541707176,0.248815631972036,0.1700994138572464,0.4109855403134711,0.4392998306041784,1,2.17,0.56,2.17,0.82,0.0,0.2599999999999999,0.2599999999999999,0.0,0.0,2.0,17.8,-2.0,-17.8,2188.03,1.9,1.01,1887.6,1.79,1.53,300.4300000000003,0.1099999999999998,0.52,2,1,1,4.0,2.0,7,7,3,5,4,2,-21.0,1.153025910308067,0.3329999999999999,0.0,0.3329999999999999,0,0,0,0,1,0,300.4300000000003,0.1099999999999998,0.52,0.0,1,0.5810849541707176,0.248815631972036,1,home_win,0.47430717945098877,ensemble,0.47430717945098877,0.422382116317749,0.10331070423126221,low
2026-06-22,Jordan,Algeria,Levi's Stadium,Santa Clara,United States,21:00,UTC-7,A,False,Predictable,6.54,4.08,1.49,0.1529051987767584,0.2450980392156862,0.6711409395973155,0.1430164443503423,0.2292469475615781,0.6277366080880796,-0.4847201637377373,-0.5182357408205571,1,1.5,1.5,2.13,0.69,-0.6299999999999999,-0.81,-1.44,0.0,0.0,0.0,0.0,0.0,0.0,1774.58,1.28,1.12,1884.2,1.54,0.99,-109.62000000000012,-0.26,-0.1300000000000001,2,-1,1,-6.0,-3.0,0,0,2,4,-2,-4,27.0,-0.4053615471489658,-0.334,-0.2,-0.134,0,0,0,0,1,0,-109.62000000000012,-0.26,-0.1300000000000001,0.0,2,0.6277366080880796,0.2292469475615781,1,away_win,0.5661882301724738,original_lr,0.08934158139733483,0.3444701884301914,0.5661882301724738,medium
2026-06-23,Portugal,Uzbekistan,NRG Stadium,Houston,United States,13:00,UTC-5,G,False,Predictable,1.24,5.99,11.08,0.8064516129032259,0.1669449081803005,0.0902527075812274,0.7581932005117894,0.1569548528605373,0.0848519466276731,0.6733412538841163,0.7161989053219984,1,2.31,1.05,1.27,0.87,1.04,-0.18,0.86,0.0,0.0,0.0,0.0,0.0,0.0,2043.59,1.77,1.12,1819.55,1.73,1.11,224.04,0.04,-0.01,0,0,0,0.0,0.0,3,5,0,0,3,5,-52.0,1.2667034688717296,0.267,0.1669999999999999,0.1000000000000001,0,0,0,0,1,0,224.04,0.04,-0.01,0.0,1,0.7581932005117894,0.1569548528605373,1,home_win,0.9151700735092163,ensemble,0.9151700735092163,0.04344387352466583,0.041386064141988754,high
2026-06-23,Colombia,DR Congo,Estadio Akron,Zapopan,Mexico,16:00,UTC-6,G,False,Predictable,1.45,4.18,7.32,0.6896551724137931,0.2392344497607655,0.1366120218579234,0.6472586656964077,0.2245275275741127,0.1282138067294796,0.5190448589669281,0.5530431505558697,1,1.86,1.14,1.36,0.74,0.5,-0.3999999999999999,0.1,0.0,0.0,0.0,0.0,0.0,0.0,2062.07,1.29,1.15,1763.27,1.49,1.2,298.8000000000002,-0.1999999999999999,0.05,0,0,0,0.0,0.0,2,2,0,0,2,2,-49.0,1.2021878120727,-0.067,-0.0329999999999999,-0.0340000000000001,0,0,0,0,1,0,298.8000000000002,-0.1999999999999999,0.05,0.0,1,0.6472586656964077,0.2245275275741127,1,home_win,0.7096248269081116,ensemble,0.7096248269081116,0.2112361192703247,0.07913904637098312,high
2026-06-23,England,Ghana,Gillette Stadium,Foxborough,United States,19:00,UTC-4,H,False,Predictable,1.31,5.18,9.33,0.7633587786259541,0.193050193050193,0.1071811361200428,0.7177189530350844,0.1815080749953591,0.1007729719695563,0.616945981065528,0.6561776425059113,1,2.26,0.51,1.36,1.18,0.8999999999999997,0.6699999999999999,1.5699999999999996,2.0,15.8,0.0,0.0,2.0,15.8,2088.22,2.18,0.96,1625.02,1.57,1.04,463.1999999999998,0.6100000000000001,0.08,1,0,1,0.0,0.0,2,2,0,1,2,1,-66.0,1.706657661183347,0.667,0.3,0.3670000000000001,0,0,0,0,1,0,463.1999999999998,0.6100000000000001,0.08,0.0,1,0.7177189530350844,0.1815080749953591,1,home_win,0.659695054545546,original_lr,0.659695054545546,0.25520760623269917,0.08509733922175484,high
2026-06-23,Panama,Croatia,BMO Field,Toronto,Canada,21:00,UTC-4,H,False,Predictable,6.24,3.86,1.54,0.1602564102564102,0.2590673575129534,0.6493506493506493,0.1499581235305395,0.2424193499561054,0.6076225265133551,-0.4576644029828156,-0.4890942390942391,1,1.82,1.18,2.0,1.1,-0.1799999999999999,-0.0799999999999998,-0.2599999999999998,0.0,0.0,0.0,0.0,0.0,0.0,1853.61,1.26,1.53,1966.92,1.74,1.01,-113.31000000000016,-0.48,-0.52,0,0,0,0.0,0.0,0,2,1,1,-1,1,25.0,-0.736121029082146,-0.1329999999999999,-0.133,1.1102230246251563e-16,1,0,0,0,1,0,-113.31000000000016,-0.48,-0.52,0.0,2,0.6076225265133551,0.2424193499561054,1,away_win,0.5176205638065177,original_lr,0.10464824959828575,0.37773118659519656,0.5176205638065177,medium
2026-06-24,Morocco,Haiti,Mercedes-Benz Stadium,Atlanta,United States,16:00,UTC-4,E,False,Predictable,1.28,5.48,9.84,0.78125,0.1824817518248175,0.1016260162601626,0.7333217285347491,0.171286827103007,0.0953914443622437,0.6379302841725053,0.6796239837398375,1,2.0,0.46,2.17,1.18,-0.1699999999999999,0.72,0.55,0.0,0.0,0.0,0.0,0.0,0.0,1984.21,1.48,0.8,1706.83,1.64,1.35,277.3800000000001,-0.1599999999999999,0.55,0,0,0,0.0,0.0,0,38,0,0,0,38,-72.0,1.4852423179014456,0.1999999999999999,0.3,-0.1000000000000001,0,1,0,0,1,0,277.3800000000001,-0.1599999999999999,0.55,0.0,1,0.7333217285347491,0.171286827103007,1,home_win,0.5771731630350219,original_lr,0.5771731630350219,0.29913466395691607,0.12369217300806207,medium
2026-06-24,Scotland,Brazil,Hard Rock Stadium,Miami Gardens,United States,13:00,UTC-4,E,False,Predictable,6.78,4.71,1.42,0.1474926253687315,0.2123142250530785,0.7042253521126761,0.138616693195384,0.1995374054914445,0.6618459013131716,-0.5232292081177876,-0.5567327267439446,1,1.68,1.23,1.86,1.05,-0.1800000000000001,-0.1799999999999999,-0.3600000000000001,0.0,0.0,1.0,9.5,-1.0,-9.5,1841.92,1.71,1.23,2067.07,2.18,0.9,-225.1500000000001,-0.4700000000000002,-0.3299999999999999,10,-8,2,-13.0,-1.3,2,2,3,3,-1,-1,47.0,-1.15907775535812,-0.267,0.0,-0.2669999999999999,0,0,0,0,1,0,-225.1500000000001,-0.4700000000000002,-0.3299999999999999,0.0,2,0.6618459013131716,0.1995374054914445,1,away_win,0.641612198205242,original_lr,0.0715832860197612,0.2868045157749968,0.641612198205242,medium
2026-06-24,Bosnia and Herzegovina,Qatar,Lumen Field,Seattle,United States,21:00,UTC-7,D,False,Predictable,1.55,3.88,5.89,0.6451612903225806,0.2577319587628866,0.1697792869269949,0.601452231377988,0.2402708656278045,0.1582769029942073,0.4431753283837806,0.4753820033955857,1,1.45,1.5,1.14,1.72,0.31,0.2199999999999999,0.53,0.0,0.0,0.0,0.0,0.0,0.0,1649.23,1.37,1.37,1565.25,1.41,1.21,83.98000000000002,-0.0399999999999998,-0.1600000000000001,2,-1,1,-2.0,-1.0,0,8,0,1,0,7,31.0,-0.5577410283784034,0.4,0.234,0.166,0,0,0,0,1,0,83.98000000000002,-0.0399999999999998,-0.1600000000000001,0.0,1,0.601452231377988,0.2402708656278045,1,draw,0.48081764578819275,ensemble,0.37861379981040955,0.48081764578819275,0.1405685842037201,low
2026-06-24,Canada,Switzerland,BC Place,Vancouver,Canada,19:00,UTC-7,D,False,Predictable,3.45,3.3,2.11,0.2898550724637681,0.303030303030303,0.4739336492890995,0.2717003219198127,0.2840503365525314,0.4442493415276557,-0.172549019607843,-0.1840785768253314,1,1.54,0.64,1.95,1.32,-0.4099999999999999,0.68,0.2700000000000001,0.0,0.0,1.0,8.4,-1.0,-8.4,1897.68,1.3,1.3,1953.55,1.49,1.63,-55.86999999999989,-0.1899999999999999,0.3299999999999998,1,1,0,2.0,2.0,0,7,0,3,0,4,23.0,-0.5181051790073734,0.0669999999999999,-0.133,0.1999999999999999,1,0,0,0,0,1,-55.86999999999989,-0.1899999999999999,0.3299999999999998,0.0,2,0.4442493415276557,0.2840503365525314,1,away_win,0.45845887064933777,ensemble,0.3342738449573517,0.20726734399795532,0.45845887064933777,low
2026-06-24,South Africa,South Korea,Estadio BBVA,Guadalupe,Mexico,16:00,UTC-6,J,False,Predictable,5.45,3.85,1.59,0.18348623853211,0.2597402597402597,0.6289308176100629,0.1711374215462894,0.2422594668642279,0.5866031115894826,-0.4154656900431932,-0.4454445790779527,1,1.45,0.82,1.72,1.0,-0.27,0.18,-0.0899999999999999,0.0,0.0,0.0,0.0,0.0,0.0,1663.11,1.35,0.95,1879.95,1.78,0.91,-216.8400000000001,-0.4299999999999999,-0.0399999999999999,0,0,0,0.0,0.0,1,2,2,2,-1,0,36.0,-0.5885232525836149,-0.2669999999999999,-0.133,-0.1339999999999999,0,0,0,0,1,0,-216.8400000000001,-0.4299999999999999,-0.0399999999999999,0.0,2,0.5866031115894826,0.2422594668642279,1,away_win,0.5787400446064065,original_lr,0.08197186238877466,0.3392880930048189,0.5787400446064065,medium
2026-06-24,Mexico,Czech Republic,Estadio Azteca,Mexico City,Mexico,13:00,UTC-6,J,False,Predictable,1.8,3.48,4.49,0.5555555555555556,0.2873563218390804,0.2227171492204899,0.5213404868673926,0.2696588725176169,0.2090006406149903,0.3123398462524023,0.3328384063350656,1,1.45,0.78,1.95,1.18,-0.5,0.3999999999999999,-0.1,0.0,0.0,1.0,9.1,-1.0,-9.1,1978.75,1.76,1.05,1799.54,1.79,1.02,179.21000000000004,-0.03,-0.03,1,-1,0,-1.0,-1.0,3,8,2,6,1,2,-29.0,0.6069402872112477,0.0,0.0999999999999999,-0.1,1,0,0,0,0,1,179.21000000000004,-0.03,-0.03,0.0,1,0.5213404868673926,0.2696588725176169,1,home_win,0.46475064754486084,ensemble,0.46475064754486084,0.29298627376556396,0.2422630488872528,low
2026-06-25,United States,Turkey,SoFi Stadium,Inglewood,United States,19:00,UTC-7,B,False,Predictable,2.4,3.51,2.76,0.4166666666666667,0.2849002849002849,0.3623188405797102,0.3916460486101004,0.2677921699898122,0.3405617814000873,0.051084267210013,0.0543478260869564,1,1.63,1.59,2.04,1.14,-0.4100000000000001,-0.4500000000000002,-0.8600000000000003,1.0,8.2,0.0,0.0,1.0,8.2,1825.56,1.52,1.33,1966.93,1.4,1.41,-141.37000000000012,0.1200000000000001,0.0799999999999998,5,0,1,0.0,0.0,0,0,4,8,-4,-8,-8.0,0.3499236579250178,-0.267,-0.1999999999999999,-0.0670000000000001,1,0,0,0,0,1,-141.37000000000012,0.1200000000000001,0.0799999999999998,0.0,1,0.3916460486101004,0.2677921699898122,1,away_win,0.4027988612651825,ensemble,0.2844594120979309,0.3127416670322418,0.4027988612651825,low
2026-06-25,Paraguay,Australia,Levi's Stadium,Santa Clara,United States,21:00,UTC-7,B,False,Predictable,2.12,3.24,3.43,0.4716981132075471,0.3086419753086419,0.2915451895043731,0.4400639908765483,0.2879431051414452,0.2719929039820065,0.1680710868945418,0.1801529237031739,1,1.27,0.96,1.45,0.92,-0.1799999999999999,-0.0399999999999999,-0.2199999999999998,0.0,0.0,0.0,0.0,0.0,0.0,1916.79,1.28,1.42,1900.1,2.01,1.07,16.690000000000055,-0.7299999999999998,-0.3499999999999998,5,-2,3,-2.0,-0.4,1,1,0,1,1,0,32.0,-0.4494802447052209,0.0,-0.1329999999999999,0.1329999999999999,0,0,0,0,1,0,16.690000000000055,-0.7299999999999998,-0.3499999999999998,0.0,1,0.4400639908765483,0.2879431051414452,1,draw,0.4892502145612608,original_lr,0.22691193010053112,0.4892502145612608,0.28383785533820816,low
2026-06-25,Curaçao,Ivory Coast,Lincoln Financial Field,Philadelphia,United States,13:00,UTC-4,I,False,Predictable,15.3,7.49,1.15,0.065359477124183,0.1335113484646194,0.8695652173913044,0.0611730365646228,0.1249596074016994,0.8138673560336777,-0.7526943194690549,-0.8042057402671214,1,1.95,1.1,1.77,0.6,0.1799999999999999,-0.5000000000000001,-0.3200000000000002,0.0,0.0,0.0,0.0,0.0,0.0,1606.04,1.65,1.58,1814.62,1.64,1.0,-208.58,0.01,-0.5800000000000001,0,0,0,0.0,0.0,1,1,3,3,-2,-2,55.0,-0.9254840078396892,-0.533,-0.3329999999999999,-0.2,1,0,0,0,1,0,-208.58,0.01,-0.5800000000000001,0.0,2,0.8138673560336777,0.1249596074016994,1,away_win,0.7142636206098318,original_lr,0.05974411915300619,0.22599226023716198,0.7142636206098318,high
2026-06-25,Ecuador,Germany,MetLife Stadium,East Rutherford,United States,16:00,UTC-4,I,False,Predictable,4.67,3.7,1.72,0.2141327623126338,0.2702702702702702,0.5813953488372093,0.2009130113589726,0.2535848008233519,0.5455021878176757,-0.3445891764587031,-0.3672625865245755,1,1.05,0.46,2.49,1.05,-1.4400000000000002,0.5900000000000001,-0.8500000000000001,0.0,0.0,1.0,8.2,-1.0,-8.2,2026.06,1.21,1.53,2001.8,2.25,1.16,24.25999999999999,-1.04,-0.3700000000000001,2,-2,0,-5.0,-2.5,2,19,9,9,-7,10,14.0,-0.5856094012632189,-0.4,-0.267,-0.133,0,0,0,0,1,0,24.25999999999999,-1.04,-0.3700000000000001,0.0,2,0.5455021878176757,0.2535848008233519,1,away_win,0.5295984148979187,ensemble,0.1349002718925476,0.3355012834072113,0.5295984148979187,medium
2026-06-25,Japan,Sweden,AT&T Stadium,Arlington,United States,19:00,UTC-5,L,False,Predictable,2.1,3.35,3.4,0.4761904761904761,0.2985074626865671,0.2941176470588235,0.4455309994132603,0.2792880891844318,0.2751809114023079,0.1703500880109524,0.1820728291316526,1,2.31,0.56,2.08,1.45,0.2299999999999999,0.8899999999999999,1.12,0.0,0.0,0.0,0.0,0.0,0.0,1992.16,1.83,1.15,1768.22,1.97,1.29,223.94000000000003,-0.1399999999999999,0.1400000000000001,4,-1,3,-1.0,-0.25,6,7,0,1,6,6,-12.0,0.4162324539981357,0.5329999999999999,0.3,0.2329999999999999,0,0,0,0,1,0,223.94000000000003,-0.1399999999999999,0.1400000000000001,0.0,1,0.4455309994132603,0.2792880891844318,1,draw,0.6784099340438843,ensemble,0.19651861488819122,0.6784099340438843,0.12507149577140808,high
2026-06-25,Tunisia,Netherlands,GEHA Field at Arrowhead Stadium,Kansas City,United States,21:00,UTC-5,L,False,Predictable,8.58,5.02,1.33,0.1165501165501165,0.199203187250996,0.7518796992481203,0.1091668356235161,0.1865839541134998,0.7042492102629841,-0.595082374639468,-0.6353295826980037,1,1.63,1.1,2.4,1.05,-0.77,-0.05,-0.8200000000000001,0.0,0.0,2.0,17.7,-2.0,-17.7,1737.82,1.44,1.02,2008.12,2.09,1.22,-270.29999999999995,-0.6499999999999999,0.1999999999999999,3,-1,2,-4.0,-1.3333333333333333,0,0,1,1,-1,-1,29.0,-0.9529414529741932,-0.133,-0.2669999999999999,0.134,0,0,0,0,1,0,-270.29999999999995,-0.6499999999999999,0.1999999999999999,0.0,2,0.7042492102629841,0.1865839541134998,1,away_win,0.6752514272067976,original_lr,0.06299634274494727,0.26175223004825515,0.6752514272067976,high
2026-06-26,Senegal,Iraq,BMO Field,Toronto,Canada,16:00,UTC-4,K,False,Predictable,1.39,4.51,7.73,0.7194244604316548,0.2217294900221729,0.129366106080207,0.6720326779872735,0.2071231535260111,0.1208441684867154,0.5511885095005581,0.5900583543514477,1,2.26,0.82,1.05,1.14,1.2099999999999995,0.3199999999999999,1.5299999999999998,0.0,0.0,0.0,0.0,0.0,0.0,1913.14,1.38,0.94,1737.26,1.53,0.93,175.8800000000001,-0.1500000000000001,-0.0099999999999998,0,0,0,0.0,0.0,0,1,0,0,0,1,-34.0,0.6909936906842143,0.1329999999999999,0.133,-1.1102230246251563e-16,0,0,0,0,1,0,175.8800000000001,-0.1500000000000001,-0.0099999999999998,0.0,1,0.6720326779872735,0.2071231535260111,1,home_win,0.5477996468544006,ensemble,0.5477996468544006,0.3646738529205322,0.08752653002738953,medium
2026-06-26,Uruguay,Spain,Estadio Akron,Zapopan,Mexico,21:00,UTC-6,F,False,Predictable,5.15,3.87,1.62,0.1941747572815534,0.2583979328165374,0.6172839506172839,0.1814960527344259,0.2415257549308251,0.576978192334749,-0.3954821396003231,-0.4231091933357305,1,0.92,0.92,2.53,1.0,-1.61,0.0799999999999999,-1.5299999999999998,1.0,9.3,1.0,9.0,0.0,0.3000000000000007,1973.7,1.58,1.21,2216.28,2.05,0.9,-242.58000000000013,-0.4699999999999997,-0.3099999999999999,10,-5,5,-8.0,-0.8,0,2,1,30,-1,-28,8.0,-0.5046192773834888,-0.0669999999999999,-0.1999999999999999,0.133,0,0,0,0,1,0,-242.58000000000013,-0.4699999999999997,-0.3099999999999999,0.0,2,0.576978192334749,0.2415257549308251,1,draw,0.7938448190689087,ensemble,0.08120003342628479,0.7938448190689087,0.12495516985654831,high
2026-06-26,Norway,France,Gillette Stadium,Foxborough,United States,13:00,UTC-4,K,False,Predictable,4.26,3.55,1.81,0.2347417840375587,0.2816901408450704,0.5524861878453039,0.2196068915311817,0.2635282698374181,0.5168648386314002,-0.2972579471002184,-0.3177444038077452,1,2.8,0.92,2.17,1.14,0.6299999999999999,0.2199999999999998,0.8499999999999998,0.0,0.0,2.0,17.3,-2.0,-17.3,1969.03,1.55,1.62,2122.31,1.83,1.29,-153.27999999999997,-0.28,-0.33,16,-2,4,0.0,0.0,0,3,1,1,-1,2,45.0,-1.4186720223508544,-0.133,-0.0659999999999999,-0.067,0,0,0,0,1,0,-153.27999999999997,-0.28,-0.33,0.0,2,0.5168648386314002,0.2635282698374181,1,away_win,0.5101564612047931,original_lr,0.10253187525084899,0.3873116635443579,0.5101564612047931,medium
2026-06-26,New Zealand,Belgium,BC Place,Vancouver,Canada,16:00,UTC-7,C,False,Predictable,9.72,5.43,1.29,0.1028806584362139,0.1841620626151013,0.7751937984496123,0.0968528727336079,0.173371993180602,0.7297751340857901,-0.6329222613521821,-0.6723131400133984,1,2.08,1.27,2.49,1.14,-0.4100000000000001,-0.1300000000000001,-0.5400000000000003,0.0,0.0,0.0,0.0,0.0,0.0,1722.05,1.75,1.5,1954.39,1.82,1.51,-232.3400000000001,-0.07,0.01,0,0,0,0.0,0.0,0,0,2,13,-2,-13,89.0,-1.9465273961610927,-0.5329999999999999,-0.667,0.134,0,0,0,0,1,0,-232.3400000000001,-0.07,0.01,0.0,2,0.7297751340857901,0.173371993180602,1,away_win,0.6884051618049707,original_lr,0.06071147100633243,0.2508833671886969,0.6884051618049707,high
2026-06-26,Egypt,Iran,Lumen Field,Seattle,United States,13:00,UTC-7,C,False,Predictable,2.21,3.0,3.5,0.4524886877828054,0.3333333333333333,0.2857142857142857,0.4222803136939473,0.3110798310878745,0.2666398552181782,0.1556404584757691,0.1667744020685197,1,1.23,0.82,1.82,0.82,-0.5900000000000001,0.0,-0.5900000000000001,0.0,0.0,0.0,0.0,0.0,0.0,1810.1,1.62,1.01,1895.96,1.89,0.79,-85.86000000000013,-0.2699999999999998,-0.2199999999999999,1,0,1,0.0,0.0,0,0,3,3,-3,-3,12.0,-0.40076662775911,0.0,0.1999999999999999,-0.1999999999999999,0,0,0,0,1,0,-85.86000000000013,-0.2699999999999998,-0.2199999999999999,0.0,1,0.4222803136939473,0.3110798310878745,1,draw,0.5070790410007929,original_lr,0.18194652777495207,0.5070790410007929,0.31097443122425505,medium
2026-06-26,Cape Verde,Saudi Arabia,NRG Stadium,Houston,United States,19:00,UTC-5,F,False,Predictable,2.45,3.61,2.64,0.4081632653061224,0.2770083102493075,0.3787878787878788,0.3836267102471932,0.2603560775915855,0.356017212161221,0.0276094980859721,0.0293753865182436,1,1.36,1.0,1.1,1.18,0.26,0.1799999999999999,0.4399999999999999,0.0,0.0,0.0,0.0,0.0,0.0,1653.28,1.1,1.13,1692.26,1.54,1.05,-38.98000000000002,-0.4399999999999999,-0.0799999999999998,0,0,0,0.0,0.0,0,0,0,2,0,-2,9.0,-0.2016908112669123,0.2,0.1669999999999999,0.0330000000000001,0,0,0,0,1,0,-38.98000000000002,-0.4399999999999999,-0.0799999999999998,0.0,1,0.3836267102471932,0.2603560775915855,1,home_win,0.44951197504997253,ensemble,0.44951197504997253,0.18357715010643005,0.3669108748435974,low
2026-06-27,Algeria,Austria,GEHA Field at Arrowhead Stadium,Kansas City,United States,19:00,UTC-5,A,False,Predictable,3.53,3.13,2.14,0.28328611898017,0.3194888178913738,0.4672897196261682,0.2647373850355515,0.2985696387142162,0.4366929762502322,-0.1719555912146806,-0.1840036006459982,1,2.13,0.69,2.17,0.82,-0.04,0.13,0.0899999999999999,0.0,0.0,2.0,17.8,-2.0,-17.8,1884.2,1.54,0.99,1887.6,1.79,1.53,-3.399999999999864,-0.25,0.54,1,-1,0,-2.0,-2.0,2,4,3,5,-1,-1,19.0,-0.3524265814951007,0.0,-0.0659999999999999,0.066,0,0,0,0,1,0,-3.399999999999864,-0.25,0.54,0.0,2,0.4366929762502322,0.2985696387142162,1,away_win,0.46163034439086914,ensemble,0.4265333414077759,0.11183635890483856,0.46163034439086914,low
2026-06-27,Jordan,Argentina,AT&T Stadium,Arlington,United States,21:00,UTC-5,A,False,Predictable,13.73,6.93,1.18,0.0728332119446467,0.1443001443001443,0.8474576271186441,0.0684142671531368,0.1355451497853635,0.7960405830614995,-0.7276263159083626,-0.7746244151739974,1,1.5,1.5,2.17,0.56,-0.6699999999999999,-0.94,-1.61,0.0,0.0,0.0,0.0,0.0,0.0,1774.58,1.28,1.12,2188.03,1.9,1.01,-413.4500000000003,-0.6199999999999999,-0.1100000000000001,0,0,0,0.0,0.0,0,0,7,7,-7,-7,67.0,-1.9108140389521333,-0.667,-0.266,-0.4009999999999999,0,0,0,0,1,0,-413.4500000000003,-0.6199999999999999,-0.1100000000000001,0.0,2,0.7960405830614995,0.1355451497853635,1,away_win,0.7588754347061702,original_lr,0.04562210456048511,0.19550246073334457,0.7588754347061702,high
2026-06-27,Colombia,Portugal,Hard Rock Stadium,Miami Gardens,United States,13:00,UTC-4,G,False,Predictable,3.48,3.29,2.1,0.2873563218390804,0.303951367781155,0.4761904761904761,0.2691867124856816,0.2847324496809033,0.4460808378334152,-0.1768941253477336,-0.1888341543513957,1,1.86,1.14,2.31,1.05,-0.4499999999999999,-0.0899999999999998,-0.5399999999999998,0.0,0.0,0.0,0.0,0.0,0.0,2062.07,1.29,1.15,2043.59,1.77,1.12,18.48000000000025,-0.48,-0.0299999999999998,0,0,0,0.0,0.0,2,2,3,5,-1,-3,1.0,-0.050133185538099,-0.067,-0.0329999999999999,-0.0340000000000001,0,0,0,0,1,0,18.48000000000025,-0.48,-0.0299999999999998,0.0,2,0.4460808378334152,0.2847324496809033,1,away_win,0.6263399720191956,ensemble,0.2399664968252182,0.13369356095790863,0.6263399720191956,medium
2026-06-27,DR Congo,Uzbekistan,Mercedes-Benz Stadium,Atlanta,United States,16:00,UTC-4,G,False,Predictable,2.31,3.25,3.05,0.4329004329004329,0.3076923076923077,0.3278688524590164,0.4051623715027282,0.2879769471296315,0.3068606813676401,0.0983016901350881,0.1050315804414164,1,1.36,0.74,1.27,0.87,0.09,0.13,0.22,0.0,0.0,0.0,0.0,0.0,0.0,1763.27,1.49,1.2,1819.55,1.73,1.11,-56.27999999999997,-0.24,-0.0899999999999998,0,0,0,0.0,0.0,0,0,0,0,0,0,-2.0,0.0143824712609305,0.267,0.1669999999999999,0.1000000000000001,0,0,0,0,1,0,-56.27999999999997,-0.24,-0.0899999999999998,0.0,1,0.4051623715027282,0.2879769471296315,1,away_win,0.4618164598941803,ensemble,0.392490953207016,0.14569254219532013,0.4618164598941803,low
2026-06-27,Panama,England,MetLife Stadium,East Rutherford,United States,19:00,UTC-4,H,False,Predictable,9.86,5.96,1.26,0.101419878296146,0.1677852348993288,0.7936507936507936,0.0954220394720122,0.1578626357708122,0.7467153247571754,-0.6512932852851631,-0.6922309153546475,1,1.82,1.18,2.26,0.51,-0.4399999999999997,-0.6699999999999999,-1.1099999999999997,0.0,0.0,2.0,15.8,-2.0,-15.8,1853.61,1.26,1.53,2088.22,2.18,0.96,-234.6099999999999,-0.9200000000000002,-0.5700000000000001,1,-1,0,-5.0,-5.0,0,2,2,2,-2,0,33.0,-1.1757390077798728,-0.2,-0.133,-0.0669999999999999,1,0,0,0,1,0,-234.6099999999999,-0.9200000000000002,-0.5700000000000001,0.0,2,0.7467153247571754,0.1578626357708122,1,away_win,0.6743649610464022,original_lr,0.06852718627409382,0.25710785267950387,0.6743649610464022,high
2026-06-27,Croatia,Ghana,Lincoln Financial Field,Philadelphia,United States,21:00,UTC-4,H,False,Predictable,1.63,3.72,5.37,0.6134969325153374,0.2688172043010752,0.186219739292365,0.5741483225122223,0.2515757434663769,0.1742759340214008,0.3998723884908214,0.4272771932229724,1,2.0,1.1,1.36,1.18,0.6399999999999999,0.0799999999999998,0.7199999999999998,0.0,0.0,0.0,0.0,0.0,0.0,1966.92,1.74,1.01,1625.02,1.57,1.04,341.9000000000001,0.1699999999999999,0.03,0,0,0,0.0,0.0,1,1,0,1,1,0,-58.0,1.26703968248562,0.6,0.3,0.3,0,0,0,0,1,0,341.9000000000001,0.1699999999999999,0.03,0.0,1,0.5741483225122223,0.2515757434663769,1,home_win,0.47347137126436384,original_lr,0.47347137126436384,0.39439180627024584,0.13213682246539038,low
2026-06-28,Runner-up Group A,Runner-up Group B,SoFi Stadium,Inglewood,United States,15:00,UTC-7,Round of 32,True,Placeholder,2.54,3.81,2.54,0.3937007874015747,0.2624671916010498,0.3937007874015747,0.375,0.25,0.375,0.0,0.0,1,,,,,,,,0.0,0.0,0.0,0.0,0.0,0.0,,,,,,,,,,0,0,0,0.0,0.0,0,0,0,0,0,0,0.0,0.0,0.0,0.0,0.0,0,0,1,1,1,0,,,,0.0,0,0.375,0.25,1,away_win,0.4180945328484667,original_lr,0.18499699246386683,0.3969084746876664,0.4180945328484667,low
2026-06-29,Winner Group E,3rd Group A/B/C/D/F,Gillette Stadium,Foxborough,United States,18:00,UTC-4,Round of 32,True,Placeholder,2.54,3.81,2.54,0.3937007874015747,0.2624671916010498,0.3937007874015747,0.375,0.25,0.375,0.0,0.0,1,,,,,,,,0.0,0.0,0.0,0.0,0.0,0.0,,,,,,,,,,0,0,0,0.0,0.0,0,0,0,0,0,0,0.0,0.0,0.0,0.0,0.0,0,0,1,1,1,0,,,,0.0,0,0.375,0.25,1,away_win,0.4180945328484667,original_lr,0.18499699246386683,0.3969084746876664,0.4180945328484667,low
2026-06-29,Winner Group F,Runner-up Group C,Estadio BBVA,Guadalupe,Mexico,20:00,UTC-6,Round of 32,True,Placeholder,2.54,3.81,2.54,0.3937007874015747,0.2624671916010498,0.3937007874015747,0.375,0.25,0.375,0.0,0.0,1,,,,,,,,0.0,0.0,0.0,0.0,0.0,0.0,,,,,,,,,,0,0,0,0.0,0.0,0,0,0,0,0,0,0.0,0.0,0.0,0.0,0.0,0,0,1,1,1,0,,,,0.0,0,0.375,0.25,1,away_win,0.4180945328484667,original_lr,0.18499699246386683,0.3969084746876664,0.4180945328484667,low
2026-06-29,Winner Group C,Runner-up Group F,NRG Stadium,Houston,United States,21:00,UTC-5,Round of 32,True,Placeholder,2.54,3.81,2.54,0.3937007874015747,0.2624671916010498,0.3937007874015747,0.375,0.25,0.375,0.0,0.0,1,,,,,,,,0.0,0.0,0.0,0.0,0.0,0.0,,,,,,,,,,0,0,0,0.0,0.0,0,0,0,0,0,0,0.0,0.0,0.0,0.0,0.0,0,0,1,1,1,0,,,,0.0,0,0.375,0.25,1,away_win,0.4180945328484667,original_lr,0.18499699246386683,0.3969084746876664,0.4180945328484667,low
2026-06-30,Winner Group A,3rd Group C/E/F/H/I,Estadio Azteca,Mexico City,Mexico,20:00,UTC-6,Round of 32,True,Placeholder,2.54,3.81,2.54,0.3937007874015747,0.2624671916010498,0.3937007874015747,0.375,0.25,0.375,0.0,0.0,1,,,,,,,,0.0,0.0,0.0,0.0,0.0,0.0,,,,,,,,,,0,0,0,0.0,0.0,0,0,0,0,0,0,0.0,0.0,0.0,0.0,0.0,0,0,1,1,1,0,,,,0.0,0,0.375,0.25,1,away_win,0.4180945328484667,original_lr,0.18499699246386683,0.3969084746876664,0.4180945328484667,low
2026-06-30,Runner-up Group E,Runner-up Group I,AT&T Stadium,Arlington,United States,18:00,UTC-5,Round of 32,True,Placeholder,2.54,3.81,2.54,0.3937007874015747,0.2624671916010498,0.3937007874015747,0.375,0.25,0.375,0.0,0.0,1,,,,,,,,0.0,0.0,0.0,0.0,0.0,0.0,,,,,,,,,,0,0,0,0.0,0.0,0,0,0,0,0,0,0.0,0.0,0.0,0.0,0.0,0,0,1,1,1,0,,,,0.0,0,0.375,0.25,1,away_win,0.4180945328484667,original_lr,0.18499699246386683,0.3969084746876664,0.4180945328484667,low
2026-06-30,Winner Group I,3rd Group C/D/F/G/H,MetLife Stadium,East Rutherford,United States,15:00,UTC-4,Round of 32,True,Placeholder,2.54,3.81,2.54,0.3937007874015747,0.2624671916010498,0.3937007874015747,0.375,0.25,0.375,0.0,0.0,1,,,,,,,,0.0,0.0,0.0,0.0,0.0,0.0,,,,,,,,,,0,0,0,0.0,0.0,0,0,0,0,0,0,0.0,0.0,0.0,0.0,0.0,0,0,1,1,1,0,,,,0.0,0,0.375,0.25,1,away_win,0.4180945328484667,original_lr,0.18499699246386683,0.3969084746876664,0.4180945328484667,low
2026-07-01,Winner Group L,3rd Group E/H/I/J/K,Mercedes-Benz Stadium,Atlanta,United States,21:00,UTC-4,Round of 32,True,Placeholder,2.54,3.81,2.54,0.3937007874015747,0.2624671916010498,0.3937007874015747,0.375,0.25,0.375,0.0,0.0,1,,,,,,,,0.0,0.0,0.0,0.0,0.0,0.0,,,,,,,,,,0,0,0,0.0,0.0,0,0,0,0,0,0,0.0,0.0,0.0,0.0,0.0,0,0,1,1,1,0,,,,0.0,0,0.375,0.25,1,away_win,0.4180945328484667,original_lr,0.18499699246386683,0.3969084746876664,0.4180945328484667,low
2026-07-01,Winner Group D,3rd Group B/E/F/I/J,Levi's Stadium,Santa Clara,United States,15:00,UTC-7,Round of 32,True,Placeholder,2.54,3.81,2.54,0.3937007874015747,0.2624671916010498,0.3937007874015747,0.375,0.25,0.375,0.0,0.0,1,,,,,,,,0.0,0.0,0.0,0.0,0.0,0.0,,,,,,,,,,0,0,0,0.0,0.0,0,0,0,0,0,0,0.0,0.0,0.0,0.0,0.0,0,0,1,1,1,0,,,,0.0,0,0.375,0.25,1,away_win,0.4180945328484667,original_lr,0.18499699246386683,0.3969084746876664,0.4180945328484667,low
2026-07-01,Winner Group G,3rd Group A/E/H/I/J,Lumen Field,Seattle,United States,18:00,UTC-7,Round of 32,True,Placeholder,2.54,3.81,2.54,0.3937007874015747,0.2624671916010498,0.3937007874015747,0.375,0.25,0.375,0.0,0.0,1,,,,,,,,0.0,0.0,0.0,0.0,0.0,0.0,,,,,,,,,,0,0,0,0.0,0.0,0,0,0,0,0,0,0.0,0.0,0.0,0.0,0.0,0,0,1,1,1,0,,,,0.0,0,0.375,0.25,1,away_win,0.4180945328484667,original_lr,0.18499699246386683,0.3969084746876664,0.4180945328484667,low
2026-07-02,Runner-up Group K,Runner-up Group L,BMO Field,Toronto,Canada,20:00,UTC-4,Round of 32,True,Placeholder,2.54,3.81,2.54,0.3937007874015747,0.2624671916010498,0.3937007874015747,0.375,0.25,0.375,0.0,0.0,1,,,,,,,,0.0,0.0,0.0,0.0,0.0,0.0,,,,,,,,,,0,0,0,0.0,0.0,0,0,0,0,0,0,0.0,0.0,0.0,0.0,0.0,0,0,1,1,1,0,,,,0.0,0,0.375,0.25,1,away_win,0.4180945328484667,original_lr,0.18499699246386683,0.3969084746876664,0.4180945328484667,low
2026-07-02,Winner Group H,Runner-up Group J,SoFi Stadium,Inglewood,United States,21:00,UTC-7,Round of 32,True,Placeholder,2.54,3.81,2.54,0.3937007874015747,0.2624671916010498,0.3937007874015747,0.375,0.25,0.375,0.0,0.0,1,,,,,,,,0.0,0.0,0.0,0.0,0.0,0.0,,,,,,,,,,0,0,0,0.0,0.0,0,0,0,0,0,0,0.0,0.0,0.0,0.0,0.0,0,0,1,1,1,0,,,,0.0,0,0.375,0.25,1,away_win,0.4180945328484667,original_lr,0.18499699246386683,0.3969084746876664,0.4180945328484667,low
2026-07-02,Winner Group B,3rd Group E/F/G/I/J,BC Place,Vancouver,Canada,15:00,UTC-7,Round of 32,True,Placeholder,2.54,3.81,2.54,0.3937007874015747,0.2624671916010498,0.3937007874015747,0.375,0.25,0.375,0.0,0.0,1,,,,,,,,0.0,0.0,0.0,0.0,0.0,0.0,,,,,,,,,,0,0,0,0.0,0.0,0,0,0,0,0,0,0.0,0.0,0.0,0.0,0.0,0,0,1,1,1,0,,,,0.0,0,0.375,0.25,1,away_win,0.4180945328484667,original_lr,0.18499699246386683,0.3969084746876664,0.4180945328484667,low
2026-07-03,Winner Group J,Runner-up Group H,Hard Rock Stadium,Miami Gardens,United States,18:00,UTC-4,Round of 32,True,Placeholder,2.54,3.81,2.54,0.3937007874015747,0.2624671916010498,0.3937007874015747,0.375,0.25,0.375,0.0,0.0,1,,,,,,,,0.0,0.0,0.0,0.0,0.0,0.0,,,,,,,,,,0,0,0,0.0,0.0,0,0,0,0,0,0,0.0,0.0,0.0,0.0,0.0,0,0,1,1,1,0,,,,0.0,0,0.375,0.25,1,away_win,0.4180945328484667,original_lr,0.18499699246386683,0.3969084746876664,0.4180945328484667,low
2026-07-03,Winner Group K,3rd Group D/E/I/J/L,GEHA Field at Arrowhead Stadium,Kansas City,United States,20:00,UTC-5,Round of 32,True,Placeholder,2.54,3.81,2.54,0.3937007874015747,0.2624671916010498,0.3937007874015747,0.375,0.25,0.375,0.0,0.0,1,,,,,,,,0.0,0.0,0.0,0.0,0.0,0.0,,,,,,,,,,0,0,0,0.0,0.0,0,0,0,0,0,0,0.0,0.0,0.0,0.0,0.0,0,0,1,1,1,0,,,,0.0,0,0.375,0.25,1,away_win,0.4180945328484667,original_lr,0.18499699246386683,0.3969084746876664,0.4180945328484667,low
2026-07-03,Runner-up Group D,Runner-up Group G,AT&T Stadium,Arlington,United States,21:00,UTC-5,Round of 32,True,Placeholder,2.54,3.81,2.54,0.3937007874015747,0.2624671916010498,0.3937007874015747,0.375,0.25,0.375,0.0,0.0,1,,,,,,,,0.0,0.0,0.0,0.0,0.0,0.0,,,,,,,,,,0,0,0,0.0,0.0,0,0,0,0,0,0,0.0,0.0,0.0,0.0,0.0,0,0,1,1,1,0,,,,0.0,0,0.375,0.25,1,away_win,0.4180945328484667,original_lr,0.18499699246386683,0.3969084746876664,0.4180945328484667,low
2026-07-04,Winner Match 73,Winner Match 74,Lincoln Financial Field,Philadelphia,United States,15:00,UTC-4,Round of 16,True,Placeholder,2.54,3.81,2.54,0.3937007874015747,0.2624671916010498,0.3937007874015747,0.375,0.25,0.375,0.0,0.0,1,,,,,,,,0.0,0.0,0.0,0.0,0.0,0.0,,,,,,,,,,0,0,0,0.0,0.0,0,0,0,0,0,0,0.0,0.0,0.0,0.0,0.0,0,0,1,1,1,0,,,,0.0,0,0.375,0.25,1,away_win,0.4180945328484667,original_lr,0.18499699246386683,0.3969084746876664,0.4180945328484667,low
2026-07-05,Winner Match 77,Winner Match 78,MetLife Stadium,East Rutherford,United States,20:00,UTC-4,Round of 16,True,Placeholder,2.54,3.81,2.54,0.3937007874015747,0.2624671916010498,0.3937007874015747,0.375,0.25,0.375,0.0,0.0,1,,,,,,,,0.0,0.0,0.0,0.0,0.0,0.0,,,,,,,,,,0,0,0,0.0,0.0,0,0,0,0,0,0,0.0,0.0,0.0,0.0,0.0,0,0,1,1,1,0,,,,0.0,0,0.375,0.25,1,away_win,0.4180945328484667,original_lr,0.18499699246386683,0.3969084746876664,0.4180945328484667,low
2026-07-05,Winner Match 75,Winner Match 76,NRG Stadium,Houston,United States,18:00,UTC-5,Round of 16,True,Placeholder,2.54,3.81,2.54,0.3937007874015747,0.2624671916010498,0.3937007874015747,0.375,0.25,0.375,0.0,0.0,1,,,,,,,,0.0,0.0,0.0,0.0,0.0,0.0,,,,,,,,,,0,0,0,0.0,0.0,0,0,0,0,0,0,0.0,0.0,0.0,0.0,0.0,0,0,1,1,1,0,,,,0.0,0,0.375,0.25,1,away_win,0.4180945328484667,original_lr,0.18499699246386683,0.3969084746876664,0.4180945328484667,low
2026-07-06,Winner Match 79,Winner Match 80,Estadio Azteca,Mexico City,Mexico,21:00,UTC-6,Round of 16,True,Placeholder,2.54,3.81,2.54,0.3937007874015747,0.2624671916010498,0.3937007874015747,0.375,0.25,0.375,0.0,0.0,1,,,,,,,,0.0,0.0,0.0,0.0,0.0,0.0,,,,,,,,,,0,0,0,0.0,0.0,0,0,0,0,0,0,0.0,0.0,0.0,0.0,0.0,0,0,1,1,1,0,,,,0.0,0,0.375,0.25,1,away_win,0.4180945328484667,original_lr,0.18499699246386683,0.3969084746876664,0.4180945328484667,low
2026-07-06,Winner Match 81,Winner Match 82,AT&T Stadium,Arlington,United States,15:00,UTC-5,Round of 16,True,Placeholder,2.54,3.81,2.54,0.3937007874015747,0.2624671916010498,0.3937007874015747,0.375,0.25,0.375,0.0,0.0,1,,,,,,,,0.0,0.0,0.0,0.0,0.0,0.0,,,,,,,,,,0,0,0,0.0,0.0,0,0,0,0,0,0,0.0,0.0,0.0,0.0,0.0,0,0,1,1,1,0,,,,0.0,0,0.375,0.25,1,away_win,0.4180945328484667,original_lr,0.18499699246386683,0.3969084746876664,0.4180945328484667,low
2026-07-07,Winner Match 83,Winner Match 84,Lumen Field,Seattle,United States,18:00,UTC-7,Round of 16,True,Placeholder,2.54,3.81,2.54,0.3937007874015747,0.2624671916010498,0.3937007874015747,0.375,0.25,0.375,0.0,0.0,1,,,,,,,,0.0,0.0,0.0,0.0,0.0,0.0,,,,,,,,,,0,0,0,0.0,0.0,0,0,0,0,0,0,0.0,0.0,0.0,0.0,0.0,0,0,1,1,1,0,,,,0.0,0,0.375,0.25,1,away_win,0.4180945328484667,original_lr,0.18499699246386683,0.3969084746876664,0.4180945328484667,low
2026-07-07,Winner Match 85,Winner Match 86,Mercedes-Benz Stadium,Atlanta,United States,20:00,UTC-4,Round of 16,True,Placeholder,2.54,3.81,2.54,0.3937007874015747,0.2624671916010498,0.3937007874015747,0.375,0.25,0.375,0.0,0.0,1,,,,,,,,0.0,0.0,0.0,0.0,0.0,0.0,,,,,,,,,,0,0,0,0.0,0.0,0,0,0,0,0,0,0.0,0.0,0.0,0.0,0.0,0,0,1,1,1,0,,,,0.0,0,0.375,0.25,1,away_win,0.4180945328484667,original_lr,0.18499699246386683,0.3969084746876664,0.4180945328484667,low
2026-07-08,Winner Match 87,Winner Match 88,BC Place,Vancouver,Canada,21:00,UTC-7,Round of 16,True,Placeholder,2.54,3.81,2.54,0.3937007874015747,0.2624671916010498,0.3937007874015747,0.375,0.25,0.375,0.0,0.0,1,,,,,,,,0.0,0.0,0.0,0.0,0.0,0.0,,,,,,,,,,0,0,0,0.0,0.0,0,0,0,0,0,0,0.0,0.0,0.0,0.0,0.0,0,0,1,1,1,0,,,,0.0,0,0.375,0.25,1,away_win,0.4180945328484667,original_lr,0.18499699246386683,0.3969084746876664,0.4180945328484667,low
2026-07-09,Winner Match 89,Winner Match 90,Gillette Stadium,Foxborough,United States,15:00,UTC-4,Quarter-final,True,Placeholder,2.54,3.81,2.54,0.3937007874015747,0.2624671916010498,0.3937007874015747,0.375,0.25,0.375,0.0,0.0,1,,,,,,,,0.0,0.0,0.0,0.0,0.0,0.0,,,,,,,,,,0,0,0,0.0,0.0,0,0,0,0,0,0,0.0,0.0,0.0,0.0,0.0,0,0,1,1,1,0,,,,0.0,0,0.375,0.25,1,away_win,0.4180945328484667,original_lr,0.18499699246386683,0.3969084746876664,0.4180945328484667,low
2026-07-10,Winner Match 91,Winner Match 92,SoFi Stadium,Inglewood,United States,18:00,UTC-7,Quarter-final,True,Placeholder,2.54,3.81,2.54,0.3937007874015747,0.2624671916010498,0.3937007874015747,0.375,0.25,0.375,0.0,0.0,1,,,,,,,,0.0,0.0,0.0,0.0,0.0,0.0,,,,,,,,,,0,0,0,0.0,0.0,0,0,0,0,0,0,0.0,0.0,0.0,0.0,0.0,0,0,1,1,1,0,,,,0.0,0,0.375,0.25,1,away_win,0.4180945328484667,original_lr,0.18499699246386683,0.3969084746876664,0.4180945328484667,low
2026-07-11,Winner Match 93,Winner Match 94,Hard Rock Stadium,Miami Gardens,United States,20:00,UTC-4,Quarter-final,True,Placeholder,2.54,3.81,2.54,0.3937007874015747,0.2624671916010498,0.3937007874015747,0.375,0.25,0.375,0.0,0.0,1,,,,,,,,0.0,0.0,0.0,0.0,0.0,0.0,,,,,,,,,,0,0,0,0.0,0.0,0,0,0,0,0,0,0.0,0.0,0.0,0.0,0.0,0,0,1,1,1,0,,,,0.0,0,0.375,0.25,1,away_win,0.4180945328484667,original_lr,0.18499699246386683,0.3969084746876664,0.4180945328484667,low
2026-07-11,Winner Match 95,Winner Match 96,GEHA Field at Arrowhead Stadium,Kansas City,United States,21:00,UTC-5,Quarter-final,True,Placeholder,2.54,3.81,2.54,0.3937007874015747,0.2624671916010498,0.3937007874015747,0.375,0.25,0.375,0.0,0.0,1,,,,,,,,0.0,0.0,0.0,0.0,0.0,0.0,,,,,,,,,,0,0,0,0.0,0.0,0,0,0,0,0,0,0.0,0.0,0.0,0.0,0.0,0,0,1,1,1,0,,,,0.0,0,0.375,0.25,1,away_win,0.4180945328484667,original_lr,0.18499699246386683,0.3969084746876664,0.4180945328484667,low
2026-07-14,Winner Match 97,Winner Match 98,AT&T Stadium,Arlington,United States,15:00,UTC-5,Semi-final,True,Placeholder,2.54,3.81,2.54,0.3937007874015747,0.2624671916010498,0.3937007874015747,0.375,0.25,0.375,0.0,0.0,1,,,,,,,,0.0,0.0,0.0,0.0,0.0,0.0,,,,,,,,,,0,0,0,0.0,0.0,0,0,0,0,0,0,0.0,0.0,0.0,0.0,0.0,0,0,1,1,1,0,,,,0.0,0,0.375,0.25,1,away_win,0.4180945328484667,original_lr,0.18499699246386683,0.3969084746876664,0.4180945328484667,low
2026-07-15,Winner Match 99,Winner Match 100,Mercedes-Benz Stadium,Atlanta,United States,18:00,UTC-4,Semi-final,True,Placeholder,2.54,3.81,2.54,0.3937007874015747,0.2624671916010498,0.3937007874015747,0.375,0.25,0.375,0.0,0.0,1,,,,,,,,0.0,0.0,0.0,0.0,0.0,0.0,,,,,,,,,,0,0,0,0.0,0.0,0,0,0,0,0,0,0.0,0.0,0.0,0.0,0.0,0,0,1,1,1,0,,,,0.0,0,0.375,0.25,1,away_win,0.4180945328484667,original_lr,0.18499699246386683,0.3969084746876664,0.4180945328484667,low
2026-07-18,Loser Match 101,Loser Match 102,Hard Rock Stadium,Miami Gardens,United States,20:00,UTC-4,Third-place Playoff,True,Placeholder,2.54,3.81,2.54,0.3937007874015747,0.2624671916010498,0.3937007874015747,0.375,0.25,0.375,0.0,0.0,1,,,,,,,,0.0,0.0,0.0,0.0,0.0,0.0,,,,,,,,,,0,0,0,0.0,0.0,0,0,0,0,0,0,0.0,0.0,0.0,0.0,0.0,0,0,1,1,1,0,,,,0.0,0,0.375,0.25,1,away_win,0.4180945328484667,original_lr,0.18499699246386683,0.3969084746876664,0.4180945328484667,low
2026-07-19,Winner Match 101,Winner Match 102,MetLife Stadium,East Rutherford,United States,21:00,UTC-4,Final,True,Placeholder,2.54,3.81,2.54,0.3937007874015747,0.2624671916010498,0.3937007874015747,0.375,0.25,0.375,0.0,0.0,1,,,,,,,,0.0,0.0,0.0,0.0,0.0,0.0,,,,,,,,,,0,0,0,0.0,0.0,0,0,0,0,0,0,0.0,0.0,0.0,0.0,0.0,0,0,1,1,1,0,,,,0.0,0,0.375,0.25,1,away_win,0.4180945328484667,original_lr,0.18499699246386683,0.3969084746876664,0.4180945328484667,low
